_id,data/faceRectangle/top,data/faceRectangle/width,data/faceRectangle/left,data/faceRectangle/height,data/faceId,data/attributes/age,data/attributes/gender,data/attributes/headPose/yaw,data/attributes/headPose/pitch,data/attributes/headPose/roll,data
000251.jpg1,52,178,248,178,4d86c4cf-eca2-495a-8ebf-b59f8ece6133,66,male,48,0,6.8,
000501.jpg1,80,124,354,124,6d44add4-9520-420f-918e-3da7cee9be95,56,female,-11.6,0,-0.2,
000751.jpg1,69,145,347,145,55d06eb4-89aa-4956-b889-11b214ba1dcb,74,male,-31.8,0,-5.4,
001501.jpg1,106,63,374,63,1c0b2034-6755-438d-9a36-a54563bc231d,32,female,-29.8,0,12.7,
001501.jpg2,123,56,262,56,313d6545-1e3f-4489-b612-9e661d0d59f4,30,female,-24.1,0,9.5,
001501.jpg3,151,54,48,54,825f4b70-ef4a-4f60-ba59-bef382d1adf4,5,female,27.1,0,-15,
001501.jpg4,149,48,155,48,23de205b-7a34-47b7-a420-a29d7c2da2c0,26,male,23.9,0,5.4,
001501.jpg5,61,47,233,47,5937f144-187e-47bf-838c-94ee077a3d5a,35,male,-31.7,0,5,
001501.jpg6,10,45,157,45,d5be80d5-217a-4a35-b94b-83fe50550439,31,male,-8.9,0,-8.3,
002001.jpg1,71,64,416,64,239f5692-de84-4afd-89aa-57a02ba14ed1,37,male,-8.1,0,3.2,
002251.jpg1,65,59,402,59,c898cd4e-2de6-4188-86fd-a518ef124704,35,male,-21.4,0,5.1,
002251.jpg2,55,53,146,53,23b6f82e-a9f4-406c-9f92-0a81afdef1a6,44,female,11.2,0,-3.5,
002501.jpg1,67,57,389,57,f5fc9e58-6d78-47ec-8c3b-cbcb8767e578,29,male,-36.3,0,6.4,
002501.jpg2,64,55,114,55,0033aaa8-f5c9-45eb-9ee0-633437621b46,31,female,5.6,0,-7.1,
002751.jpg1,77,67,366,67,b53162c2-9b63-444c-907a-efcc44917423,35,male,-29.6,0,-3.3,
002751.jpg2,69,58,145,58,b675d63a-9297-4ad6-a56c-7e741f4079d5,30,female,16.2,0,-1.4,
003001.jpg1,74,69,379,69,5c695636-6579-4a0e-81b0-7a6d54539e8b,37,male,-16.7,0,-4.2,
003001.jpg2,76,59,145,59,067856b4-7e5e-47d5-9558-0245ab1eb9a0,31,female,17.4,0,0.8,
004751.jpg1,98,68,291,68,037fc303-6123-4c77-89a4-716efe08c832,57,female,2.2,0,1.1,
005001.jpg1,110,43,261,43,9211bfe9-fcc0-41cd-bcec-4aed188bd55c,46,male,26.3,0,-3.1,
005001.jpg2,108,34,423,34,330c25c9-b0f6-459c-8f0a-8a63ce41b536,33,female,-0.3,0,10,
005251.jpg1,77,49,214,49,9c7d6e55-3c94-424c-857e-2f120c7d7013,35,male,-3.5,0,1.5,
005251.jpg2,77,35,389,35,e745210c-695d-4a7a-85d8-2e9e31fb5d1c,32,female,-4.1,0,1.1,
005501.jpg1,79,54,196,54,1f5e74ab-5152-47ae-acaf-afc9b284671e,40,male,1,0,-8,
005501.jpg2,102,33,397,33,cb35662d-f5de-403d-8377-4357c98e067b,41,female,19.5,0,-2,
006001.jpg1,82,131,279,131,843cb1d8-a5b6-4270-aa41-c85b887fe73e,70,male,2.8,0,5.6,
006251.jpg1,75,138,246,138,cdfdf3e3-331a-4be7-b6ff-fb16e3959400,82,male,-0.8,0,-1.3,
006501.jpg1,79,137,243,137,5f9c6a26-73a5-4690-b6f6-378c3f967ce2,75,male,0,0,1,
006751.jpg1,88,136,255,136,998bcbf1-59b2-4220-96e2-d31ec2d275fe,84,male,4.8,0,0.7,
007001.jpg1,82,141,233,141,c3243c87-de86-42fb-8714-51ac585e02ae,78,male,-0.5,0,-1.6,
007251.jpg1,97,139,243,139,e3745c5f-ab9e-49a1-8f43-2c326ba5fbdc,78,male,-4.1,0,-2.6,
007501.jpg1,79,140,247,140,536572bf-57b4-40ea-a0b7-2e3bcec78be1,83,male,10.6,0,-3.1,
007751.jpg1,95,139,230,139,f30ff054-793f-4cd5-96fa-edbeb00296b5,83,male,3.8,0,-4.5,
008001.jpg1,90,92,286,92,eff9de51-52ed-4c59-ba42-d101051dcb01,75,female,9,0,-1.5,
008251.jpg1,90,120,244,120,00342756-cbda-4d50-b04c-0c72d8a0e5d6,62,female,-4.8,0,-5.3,
008501.jpg1,90,121,242,121,c624c6b9-0998-4175-a643-3259b2a7ad05,58,female,-12.9,0,-4.4,
008751.jpg1,99,124,270,124,c5aa262d-713e-4c16-91eb-1d9dbc966344,52,female,-2.7,0,2.2,
009001.jpg1,84,123,231,123,e7692a98-f155-47d3-9a68-25b433d60ad3,46,female,-8,0,-1.9,
009251.jpg1,110,122,237,122,387db8a8-0a5b-4352-b253-8882aef33b8d,46,female,-24.6,0,5.7,
009501.jpg1,104,127,252,127,b43fd04d-5115-47af-b955-3b219b9851c3,62,female,-2.9,0,4.2,
009751.jpg1,89,119,246,119,1ebcb67f-dcdf-4ff5-b753-5df3e8364847,43,female,-3.4,0,-1.9,
010001.jpg1,99,122,252,122,3f314419-6d6a-470a-9b55-06cbc9fe7e55,64,female,-4.4,0,1.1,
010251.jpg1,125,131,276,131,e52ecc5a-530d-4982-bf1a-d74470ee3cd7,29,male,-9.5,0,5.9,
010501.jpg1,88,118,279,118,c5f3035f-6edf-4282-bb8d-1d4444281d1a,50,female,24.7,0,-1.8,
010751.jpg1,79,44,113,44,620dc313-63a7-4cbe-9368-5f00f5df58c9,80,male,19.8,0,-1.9,
010751.jpg2,97,41,483,41,0d459f81-2e43-45dc-ad7e-eaf15aa5feb8,36,female,37.6,0,-3.7,
011001.jpg1,98,123,244,123,5d5fec4d-f8e7-45cf-9246-81cea9d4cd52,76,female,-5.3,0,-4.6,
011251.jpg1,103,119,298,119,fb4814bd-51b4-4b1d-92da-4f6450753709,44,female,25.5,0,-11.3,
011501.jpg1,88,122,252,122,1da01ade-5bfd-4942-9709-97943a13438a,66,female,-4.4,0,1,
011751.jpg1,107,123,230,123,007e2a28-9382-4e64-a8fe-36c8dfcdb446,53,female,-24.2,0,2.1,
012001.jpg1,82,119,261,119,301feb6e-d42f-4fbe-8a2e-e99da7fdbb4a,43,female,3.2,0,-4.1,
012251.jpg1,107,122,216,122,c98d9827-78aa-4c71-b7cc-2523b1796749,50,female,-22.7,0,-7.5,
012501.jpg1,103,123,239,123,68159457-948a-4d45-bd58-16eb7f42a85f,47,female,-19.9,0,-0.1,
012751.jpg1,98,121,197,121,624cc52b-d367-41e8-b354-2dd29c23bb03,47,female,-16.3,0,-1.3,
013001.jpg1,108,126,242,126,8a058fe3-9e62-4304-8e15-187871a7a501,55,female,-20,0,2.3,
013251.jpg1,85,121,251,121,47ee6475-14f3-4d42-996a-737b81e6da72,54,female,-4.9,0,2.7,
013501.jpg1,115,45,431,45,f6cd381a-d73c-4b4a-9521-0195839126ff,36,female,-23.2,0,-2.4,
013751.jpg1,63,44,164,44,aea1bd60-5adc-4398-92f8-91e105530894,56,male,32.5,0,-10.4,
013751.jpg2,113,31,447,31,8f17a332-4caa-4691-a59c-f6766edf1fa3,11,female,39.8,0,-7.8,
014001.jpg1,90,122,279,122,8a1b6f05-3c47-403d-a668-fde5d7b87768,52,female,3.9,0,3.9,
014251.jpg1,96,144,177,144,b21d7142-985e-4bc4-8f14-b58c670d6ddd,82,male,-2.3,0,-0.5,
014501.jpg1,88,149,163,149,93cf907b-cb3c-43ad-b42c-67381f5f1fb7,81,male,-4,0,-7,
014751.jpg1,99,145,229,145,1c714142-ca52-4e9f-aa0f-bef0a6a06407,77,male,17.4,0,-2.4,
015251.jpg1,96,145,252,145,74510d3e-25a0-4a15-864f-04cb4ebc6e36,85,male,-0.3,0,1.3,
015501.jpg1,113,144,231,144,f9acfbb4-7974-4d08-8ab7-e68322979d58,84,male,7.2,0,-9.6,
015751.jpg1,103,144,215,144,3f49afa1-b65b-4014-9458-e8214aa89228,84,male,18.9,0,-7.2,
016001.jpg1,117,142,227,142,0483c947-7e04-4cb5-8f38-69d95d37a337,78,male,-1.1,0,-2.5,
016251.jpg1,92,144,230,144,909e7938-90cd-4cdf-943d-15f3c08c451a,85,male,6.8,0,-1.9,
016501.jpg1,118,147,227,147,24f3b480-306d-437a-9e4f-1576f52dcac1,81,male,-4.1,0,-4.4,
016751.jpg1,113,145,217,145,3994dcd2-f73a-4f95-b53a-f8f358a00bc9,81,male,-4,0,-5.3,
017001.jpg1,111,146,240,146,850ac267-f152-430a-aee4-af790c37654a,82,male,-0.9,0,-4.7,
017251.jpg1,106,144,218,144,330c9f5f-7fd8-4e6e-948e-96e9e08f56ee,78,male,-0.7,0,-3.8,
017501.jpg1,113,144,232,144,b91455d1-e0e2-4c5f-8af0-71220d3470d8,82,male,18.8,0,-6.8,
017751.jpg1,125,49,517,49,a0ed6b52-748b-4f53-bd76-1e47f81a266a,37,female,16.5,0,-0.6,
017751.jpg2,123,48,125,48,f012d7f2-05b9-44af-b9b4-2dfb71f07fca,60,male,38.2,0,-1.9,
018001.jpg1,92,110,284,110,aff73b7b-46d3-4da0-90f0-2fb31acbb015,50,female,9.3,0,-11,
018251.jpg1,109,112,268,112,bd4d4b65-c57c-4e03-9e23-c27f49b0aa9a,50,female,-17.1,0,6.8,
018501.jpg1,75,134,129,134,4b72ce4c-59b0-4546-b675-83afc9bd0afd,76,male,18.9,0,-3.8,
018501.jpg2,93,114,438,114,1073e253-1697-4175-8584-9a6d491f894e,50,female,-11,0,10,
018751.jpg1,92,116,271,116,2c22705c-6c31-4ab0-b429-c772fa604ff5,63,female,-2.9,0,7.8,
019001.jpg1,103,113,352,113,d8c2e951-4cf2-4d84-9eb1-1d18c9f84cb3,50,female,25.4,0,1.4,
019501.jpg1,102,138,180,138,872883b3-1626-4510-95bb-25f7de18ca80,82,male,-0.7,0,-7.5,
019751.jpg1,85,128,230,128,46075dd5-00a5-4476-b08f-c875eaf7cb92,71,male,40.1,0,-14.6,
020001.jpg1,103,137,196,137,8834a081-10ae-46bc-b245-0eb16b19cb7e,82,male,-8.9,0,-0.1,
020251.jpg1,95,136,215,136,420b4c89-38b0-40cd-9500-7dd84f6e9cee,82,male,-2.9,0,-4.1,
020501.jpg1,116,120,444,120,f16e50d3-96d2-439a-811d-9b5c0ae7c7ef,36,female,0.1,0,4.1,
020751.jpg1,131,124,183,124,4f8a3a03-643d-400b-bcd8-7aaa0af4415e,84,male,-1.6,0,-11.4,
021001.jpg1,131,111,251,111,725e96b1-1a9a-447a-8f11-0ab3e5061a2d,32,female,-7.6,0,-6.2,
021251.jpg1,79,110,285,110,b4160ba1-dc84-433d-a193-b80d75ec7c5a,46,female,5.7,0,0.1,
021501.jpg1,86,112,312,112,5ddd9028-74b9-4322-9368-dfaa87c519f4,46,female,17,0,1.7,
022001.jpg1,94,111,310,111,7b67bcca-ef31-4e05-ad51-d24e4396f137,52,female,18.9,0,-1.7,
022251.jpg1,101,113,282,113,21d48936-176f-4a6a-9b50-fe7fe4037077,67,female,-18.1,0,4.9,
022501.jpg1,125,126,247,126,f4a74438-2ce6-4353-b550-137e5a92d62a,51,female,-30.8,0,1.7,
022751.jpg1,125,128,250,128,ae250998-16c7-47a6-b848-a1d884e67d96,46,female,-33.7,0,-0.7,
023001.jpg1,113,131,455,131,08f8e302-15d9-445d-bde9-6aba28714361,76,female,-16.3,0,-8.5,
023251.jpg1,123,130,248,130,88bc467b-09cc-4232-b45c-80ba0eb738f5,58,female,-21.1,0,4.7,
023501.jpg1,107,136,412,136,8d4b9c36-a47c-4e32-b53b-d096ab0cc3b6,38,female,15.9,0,-18.7,
023501.jpg2,107,132,114,132,1e3142ee-f94b-4724-9877-01162774f250,90,male,12.7,0,-6.1,
023751.jpg1,113,132,231,132,517bf3d8-e108-4f43-ad0b-a7b41fed3f4c,50,female,-24.6,0,1,
024001.jpg1,115,136,290,136,f678bc2e-b475-4e5a-9b93-e6bce65e537b,58,female,0,0,4.1,
024251.jpg1,100,132,237,132,962489f8-1e73-43e1-b594-832032d2b324,50,female,-13.5,0,6.4,
024501.jpg1,101,142,101,142,d971edcf-149c-4d26-b225-74b12bedba25,82,male,4.7,0,-6.6,
024501.jpg2,93,137,396,137,2a431163-a285-473d-8c09-97516b5ef114,51,female,-4,0,-1.4,
024751.jpg1,110,131,369,131,6b5cda41-c720-4e33-8eca-fd942299d20b,46,female,-33,0,-4.1,
024751.jpg2,128,123,104,123,59111d99-b68e-4de7-b706-acc475ce506e,65,male,15.1,0,-10.1,
025001.jpg1,109,143,184,143,a76362bf-8742-4e57-adf3-bf624abd0cec,81,male,-4,0,-2.5,
025251.jpg1,83,138,224,138,9cd7bdbc-739b-48a6-be2d-2a21d85c2796,72,male,24.5,0,-2.1,
025501.jpg1,114,142,197,142,89b3e60e-a794-4bf2-9412-78a169563cee,84,male,9.6,0,-9.6,
025751.jpg1,104,144,177,144,0cd0f86b-92a6-492e-9bb5-dc63c8b56c3b,82,male,12.1,0,-10.5,
026001.jpg1,62,139,201,139,fe0bf014-973b-4ce7-96db-63182663528c,82,male,18.8,0,-4.5,
026251.jpg1,110,142,191,142,48357f86-c1b7-4b37-b240-5380b6944326,72,male,8.2,0,-6.7,
026501.jpg1,117,141,187,141,a70327cf-3905-445b-962c-4cbec2513fa4,78,male,8.3,0,-10.4,
026751.jpg1,92,147,184,147,bc138794-5255-430f-8a79-d4cb3be25115,88,male,14.1,0,-4.1,
027001.jpg1,87,149,195,149,4931bb9c-bac9-4a1c-8a1f-ef23c488d242,66,male,-20.1,0,2.2,
027251.jpg1,95,143,226,143,7fdb0067-9896-4eab-827d-7b4c07fb6e6d,80,male,-4,0,0.6,
027501.jpg1,104,143,209,143,187095a7-1bd0-4194-8030-a0a36903babf,86,male,-0.7,0,-5.5,
027751.jpg1,117,142,213,142,419990fe-8042-46d2-9bfc-172beb590841,81,male,-4,0,-2.9,
028251.jpg1,142,119,242,119,a4bdd8cf-dce9-40be-ad43-52636f8091a8,39,male,-28.3,0,9.1,
028501.jpg1,95,139,216,139,8dccdb85-68e9-4dd0-9aad-d06afe996bb1,82,male,20.7,0,-12.2,
028751.jpg1,101,141,257,141,580f8e64-262b-48ea-83a3-7b935f858d4d,82,male,17.5,0,-2.3,
029001.jpg1,122,110,138,110,0bcd2acd-0f8c-4c93-9ffb-288ef6868114,79,male,49.2,0,-18,
029001.jpg2,118,100,429,100,630d4514-872f-45ea-9982-29563ee7acdc,46,female,-33,0,4.6,
029251.jpg1,135,140,115,140,4521da45-2a38-4467-a714-2b0eac2e6e27,89,male,23.5,0,-6.1,
029251.jpg2,101,87,374,87,8541b540-6cdb-4033-9e39-1a82f30657e1,52,male,-48.5,0,20.6,
029501.jpg1,126,133,85,133,43c272df-6085-4dbb-bb3d-a1de0029f2a2,68,male,33,0,-13.2,
029501.jpg2,100,89,380,89,d745776b-8c8a-4c03-92ce-dfbab6f4fc28,50,male,-52.3,0,19.9,
029751.jpg1,78,138,147,138,448c1d4c-1d8d-4a11-8134-b53b4480c660,67,male,18.4,0,-0.3,
029751.jpg2,103,86,382,86,32fea8df-0287-4679-be3c-0c5e1f1420c8,56,male,-54.8,0,16.7,
030001.jpg1,85,141,227,141,cfcbcd48-d79e-4c58-87c3-6fff35459bee,82,male,-2.7,0,2.3,
030251.jpg1,106,144,214,144,21612823-66de-4668-b840-42f889457fe7,81,male,-6,0,-1.3,
030501.jpg1,101,145,239,145,f059090a-6ac7-42c3-ae7a-30542b5b1e2d,89,male,-3.8,0,-1.7,
030751.jpg1,84,141,259,141,4f020c7f-6670-44ac-9389-744193f34f95,81,male,-2.7,0,0.1,
031001.jpg1,100,141,253,141,72765d18-c4e1-4aff-a83c-52bd15a429e6,77,male,25,0,-5.5,
031501.jpg1,141,114,95,114,94d17615-2ba9-4531-a25e-7b9ff54c6869,54,male,32.4,0,-4.8,
031501.jpg2,96,110,444,110,8a99518b-1def-43cb-a981-7b337908583a,44,female,-6.5,0,3.3,
031751.jpg1,126,125,99,125,d114c083-e8ff-4958-8f33-25e1db2f63b0,90,male,1.5,0,-0.9,
031751.jpg2,90,112,416,112,ad5718f0-06b6-4ad8-8d97-51710606baa6,42,female,-20.3,0,-0.1,
032001.jpg1,74,138,116,138,251d8d03-d2fe-487d-a24b-057c88949ae3,82,male,5.4,0,-3.4,
032001.jpg2,98,115,453,115,b9f836dd-ee71-4e7d-9aab-ae0261a9c9fa,50,female,7.9,0,-0.3,
032251.jpg1,71,140,121,140,4fdbe182-1ede-4b8f-bbaa-38f80776c5fb,81,male,6.1,0,-0.4,
032251.jpg2,89,122,441,122,261f996b-c48c-4939-b274-e4ed00af374d,55,female,-2.5,0,-2.3,
032501.jpg1,90,123,261,123,40b3783f-9ec8-4307-abfe-4e9b0378a804,72,female,-19.8,0,-2.2,
032751.jpg1,84,134,108,134,5da96a6c-b1c8-4e57-80d0-cb78696e2595,82,male,13,0,-5.5,
032751.jpg2,111,118,336,118,1a043c18-ba6b-4a12-bb4e-efe9ccbc9a58,36,female,-31.7,0,-1.8,
033001.jpg1,129,128,77,128,d7795492-e4d0-4a24-b93d-00258684e7d1,80,male,-3.4,0,-3.1,
033001.jpg2,99,123,405,123,3b998128-dbda-4190-9d44-d96de4607a9f,44,female,-8.9,0,-1.7,
033251.jpg1,84,119,443,119,615c090b-3215-4736-b8a0-e52e9cccdf28,48,female,-18.1,0,5.6,
033501.jpg1,75,153,56,153,fcbe6d17-1259-4951-8afe-77a9e93d010f,79,male,0,0,-6.2,
033501.jpg2,99,122,419,122,6695fa74-4ac3-46c3-92e6-fca8ae6fdd47,54,female,-20.7,0,6.3,
033751.jpg1,67,149,152,149,25376e69-1e6c-438f-b878-65ed4caa2956,86,male,13.7,0,2.5,
033751.jpg2,95,131,366,131,9a4f9b07-2b20-44b6-86e8-6238884f8149,56,female,-28.3,0,6,
034001.jpg1,91,152,95,152,7cb72247-f0fa-47d5-884d-58349acf2711,81,male,4.3,0,1.6,
034001.jpg2,103,130,379,130,dd205b77-f5f5-4715-b601-cfdac07c2f01,56,female,-24.8,0,10.5,
034251.jpg1,90,150,104,150,59c1ce30-4c55-413d-8eff-d0bb6dc30dc9,84,male,8.2,0,-0.2,
034251.jpg2,122,125,368,125,c9090444-2318-4c12-a55f-7b669b8072ee,44,female,-38.5,0,4.6,
034501.jpg1,92,155,118,155,e1cd284e-a2db-465b-b84f-d8fc445b6614,82,male,8.2,0,0.4,
034501.jpg2,117,129,356,129,a9f7eced-346d-4bea-9070-745bd180eefe,64,female,-4.3,0,-0.8,
034751.jpg1,94,156,92,156,1f63e16b-a9eb-4255-b80c-fb80f73ce300,82,male,5.6,0,-3.1,
034751.jpg2,125,124,392,124,f2257bac-76b4-4ef5-a945-f83971709eab,60,female,-20,0,4.2,
035001.jpg1,93,154,208,154,e1348ea5-605d-41fe-aaaf-b249be7703ff,76,male,-3.3,0,0.7,
035251.jpg1,103,153,211,153,a4f60690-4afc-419d-95d4-1e2b5f088fcf,79,male,9.9,0,4.1,
035501.jpg1,88,153,83,153,822f009e-a8c5-44c3-a6ab-54dfb73c195b,85,male,8.3,0,-2.3,
035501.jpg2,114,106,364,106,5a697c19-7906-401f-ac94-43ffb930a22a,54,female,-47.3,0,23.1,
035751.jpg1,107,154,104,154,35c3f52e-7914-4215-9c5a-e7039e3e5261,82,male,-1.1,0,-2.9,
035751.jpg2,120,108,360,108,1b9b33f4-2425-4ac0-9100-6422be3942b0,56,female,-46.2,0,15.7,
036001.jpg1,179,107,259,107,aacd0c75-daec-4ee5-9fb5-1d59b5645b4b,49,male,5.4,0,4.8,
036251.jpg1,82,149,180,149,916467a8-63b5-4bd4-8a1b-b1492d36f4fb,80,male,14.6,0,-6.8,
036751.jpg1,91,143,167,143,0110ee50-65ed-44f3-aefb-6f2b7d182bcb,87,male,14.7,0,-4.1,
037001.jpg1,105,154,187,154,ef548534-6828-4d7a-9e5c-23bc9ad18fa4,86,male,23.8,0,-6.3,
037251.jpg1,114,151,172,151,f602c867-4dee-4600-afc8-d693e2103023,86,male,12.7,0,-4.4,
037501.jpg1,103,152,44,152,f245941d-3847-4813-a4f6-bdc44873c827,84,male,-2.7,0,4.3,
037501.jpg2,154,116,429,116,a7d528d9-ce5c-4c62-8cde-9dd42bf76d49,33,female,23.8,0,2.7,
037751.jpg1,111,150,196,150,53b148ad-2b30-48b7-aa15-4bfd1c4fe064,84,male,8.3,0,-6.9,
038001.jpg1,108,149,234,149,ce47f7c9-f283-4ede-b975-d9e0d08853ff,81,male,18.3,0,-4,
038251.jpg1,101,153,206,153,4fe5a034-f9c1-46d4-9701-9faf95c4e99c,83,male,18.9,0,-5.6,
038501.jpg1,105,149,222,149,a6b464ce-7f6b-4d1a-8814-ef1564c7ed4c,80,male,7.6,0,1.8,
038751.jpg1,134,152,214,152,42c28d69-c390-4872-9038-575f449ea256,77,male,19.2,0,-6.8,
039001.jpg1,101,148,208,148,e3001254-3e46-49fc-83e5-e88bfa290a5e,80,male,26.3,0,-7.5,
039251.jpg1,141,96,471,96,711ab8fc-ad89-4af5-a537-3453e7417d74,46,female,-1.4,0,15.2,
039501.jpg1,105,149,247,149,3e120237-6ac0-40ef-8fd3-ef95610c5e20,84,male,23.6,0,-9,
039751.jpg1,111,117,308,117,4427665c-ca4a-493b-907f-323ab69198af,74,female,-1.8,0,2.6,
040251.jpg1,104,118,287,118,255ada7f-caae-4fe6-8c94-a4a8ee2a334f,45,female,2.7,0,1.5,
040501.jpg1,99,119,245,119,445ab08e-e95f-4e53-8cc3-82612e71a00e,62,female,-15.7,0,-2.1,
040751.jpg1,84,117,276,117,230bfecd-f531-413e-a936-31d0256b88d5,58,female,3.1,0,-2.1,
041001.jpg1,106,126,123,126,cad3a41b-cc43-472b-932e-47241b6db23f,86,male,17.8,0,-4.7,
041001.jpg2,99,120,401,120,62678061-9434-4476-ae7e-5c2c34f8cc37,43,female,2.4,0,-6.8,
041251.jpg1,81,135,82,135,0f0812f1-2cfc-49e2-9ff0-516beded08eb,82,male,8.3,0,-8.3,
041251.jpg2,81,117,392,117,014b98a7-7e03-4f4d-b095-bda387047496,59,female,-0.6,0,-4,
041501.jpg1,76,135,128,135,682dfb5a-5f58-40c0-812d-93b5b1bec10a,79,male,13.3,0,1.9,
041501.jpg2,96,99,344,99,07a8d77c-2059-44c5-b47d-645772b5f482,46,female,-47.6,0,14,
041751.jpg1,85,134,96,134,0085e705-2915-4c7b-a732-a9694163d76f,80,male,18.4,0,-3.1,
041751.jpg2,95,96,345,96,97ab294a-859f-49f1-bbde-863faf4d2318,54,female,-52.1,0,16.7,
042001.jpg1,90,133,114,133,ef1365a3-7324-485d-bb03-4524a52482e2,82,male,17.4,0,1.3,
042001.jpg2,106,93,363,93,721a2dee-f32d-4790-9af1-301a9d81de68,52,female,-52.3,0,13.5,
042251.jpg1,91,146,188,146,39347211-1277-4111-8e8e-b80cba051eea,82,male,-3.3,0,0.2,
042501.jpg1,88,145,224,145,8eba7e42-418b-4252-abde-7c13df016ed7,82,male,8.2,0,1,
042751.jpg1,88,145,280,145,4722e0dd-bb27-492c-8a58-fab5c4f22127,63,male,30.3,0,-2.5,
043001.jpg1,85,146,255,146,8ba619c6-0306-46ac-95d2-7c7d5590da44,86,male,7.6,0,2.1,
043251.jpg1,116,145,199,145,07b3958b-7431-4eaf-933b-964a4554f3f6,84,male,-4,0,-4,
043501.jpg1,91,118,273,118,5552a1d1-d440-4703-abf7-c32537192c13,51,female,6.8,0,-0.4,
043751.jpg1,142,127,55,127,fb145bcf-ec75-4089-aff9-ca8d5f9ca63a,84,male,-2.2,0,3.7,
043751.jpg2,92,115,392,115,12be3fc9-910c-4174-a8bc-0e3f6ba13f50,44,female,-14.5,0,0.8,
044001.jpg1,66,144,47,144,2ee78983-3ef5-4015-8c2d-4dbe0ff77d94,82,male,-0.3,0,-3.3,
044001.jpg2,111,106,384,106,101af03f-e471-4fa2-b984-29b813033046,45,female,-19.3,0,6.8,
044251.jpg1,93,118,387,118,c0bf5b0c-ba2b-40e8-b6cb-f756c6ab4815,46,female,-4.3,0,-3.9,
044501.jpg1,88,146,77,146,c42a9382-63ce-4cd9-b04a-f9defd9f70ce,82,male,-4,0,-6.4,
044501.jpg2,86,120,385,120,7fab1eca-18d9-4ccc-87a1-97842f831396,57,female,-1.7,0,-5.6,
044751.jpg1,84,123,395,123,8534cdf6-de50-4ba3-9baa-0b692d15eaa6,46,female,-8.8,0,-0.3,
045001.jpg1,161,122,182,122,32f20373-7b46-479f-b270-8430f4e60893,62,male,18.9,0,2,
045001.jpg2,88,113,383,113,7dc4bf00-aaf7-4b9b-b5f7-fd5faa6373f0,58,female,-23.6,0,2.2,
045251.jpg1,70,144,137,144,e6237d97-b3fd-429a-95e7-00c3e16cb175,82,male,-0.9,0,2.7,
045251.jpg2,75,119,396,119,1cf2aae6-2a3c-44b5-8f78-13f402a5e090,45,female,-16.2,0,3.1,
045501.jpg1,142,121,117,121,8c0a56ab-601f-48ee-89ec-26ee04bef60a,79,male,11.9,0,-7.6,
045501.jpg2,96,119,386,119,6664d425-8ed0-493a-98f7-e111d82b2333,46,female,-1.2,0,-6.7,
045751.jpg1,164,126,96,126,56cfa10b-fb65-4144-9c51-55c450b2ef64,55,male,-12.8,0,-9.3,
045751.jpg2,94,112,403,112,26dd673c-5f2c-43ee-8176-c996212c2554,48,female,-5.2,0,-5.8,
046001.jpg1,90,136,97,136,410efc91-cfbf-481e-be78-0e943681575e,70,male,-2.9,0,-8,
046001.jpg2,99,117,371,117,5eba2c78-678c-4c05-ba3c-b7587bb1f7ed,46,female,6.8,0,-15.7,
046251.jpg1,91,143,84,143,15f17d3e-cac3-4ddb-b792-7a4eac466e91,76,male,0,0,-3,
046251.jpg2,102,91,383,91,b73166d3-88e7-4f2a-b700-917b1ccc300e,42,male,-51.5,0,28.3,
046501.jpg1,90,141,75,141,1fd38e94-26dc-4b08-b10b-b1d450cb2a61,84,male,-4,0,-5.3,
046501.jpg2,103,94,399,94,bc0c7f71-0dec-4c8d-8943-095e96e9eca9,50,male,-52.8,0,27.1,
046751.jpg1,92,141,189,141,e49167d0-a557-4e05-b25f-cd58d5899142,81,male,-1.3,0,-3.4,
047001.jpg1,122,83,432,83,18b90e46-5a8b-4219-beeb-deff0051d21d,8,female,-0.8,0,15.6,
047251.jpg1,96,113,244,113,7b813f98-c88f-40b0-9431-857ba7bf4351,74,female,-18.9,0,3.2,
047501.jpg1,88,116,428,116,bb15f153-e5fb-408e-9884-acbbedf6633a,50,female,0.9,0,3.1,
047751.jpg1,85,133,82,133,c03c3e90-ff1b-4b27-a65d-31ccd6a996ff,82,male,-1.1,0,-7.5,
047751.jpg2,85,118,391,118,ec75141c-a96a-4aa9-94de-f384e1f3374e,53,female,-4.5,0,-6.7,
048001.jpg1,69,139,78,139,dce15f34-8a39-4227-8018-6b96de38a653,81,male,7.2,0,-8.7,
048001.jpg2,79,114,440,114,146d579d-f312-498b-8d48-7037b938d5c0,45,female,-4.3,0,-5.2,
048251.jpg1,89,136,61,136,0b872a6f-022d-49b0-aefc-35f93749aeef,81,male,3.7,0,1.1,
048251.jpg2,82,113,402,113,84335fd6-8fc7-4fd3-927f-965c8aa9bbc0,50,female,-6.5,0,7.5,
048501.jpg1,85,109,375,109,251e62f8-cd3e-4c53-b8b4-0fcfb07200d5,46,female,-30.7,0,10.2,
048751.jpg1,96,139,148,139,58ab8f9a-8154-4725-b23c-9cd7b0ac2cfb,87,male,23.6,0,-6.6,
048751.jpg2,91,107,376,107,02e93083-1238-4234-b563-70cb34499cf1,35,female,-35.7,0,9.2,
049001.jpg1,82,137,84,137,f30f861e-2820-4808-9ecc-cf6fe781bd54,84,male,-3.5,0,-0.2,
049001.jpg2,82,114,392,114,37d33c6d-f3f0-4d14-9091-0d905a8e6972,44,female,-30.1,0,8.8,
049251.jpg1,126,132,74,132,be9d642a-1bfa-4ecb-8fb2-1020c0847005,66,male,-13.2,0,-16.5,
049251.jpg2,86,116,376,116,770479d5-c9d8-40ce-a195-24e1e05f6384,62,female,-20.9,0,-0.4,
049501.jpg1,91,136,49,136,ac3b3586-2b79-47e7-933b-f2eafbc817cd,90,male,-15.3,0,-10.5,
049501.jpg2,84,110,363,110,757e5c02-b0da-4032-9661-f23c9053472c,38,female,-21.7,0,2.2,
049751.jpg1,101,137,89,137,3b57b109-51e0-4a67-ae22-896f9ca1a292,80,male,-3.3,0,-1.1,
049751.jpg2,100,113,367,113,00dc47f0-09ac-4166-ac1f-63ccf0b6e6cd,36,female,-34.8,0,13.1,
050001.jpg1,131,135,140,135,91ceefe2-3173-48b6-a4d0-60408d1e373d,84,male,-1,0,2.9,
050001.jpg2,109,116,369,116,7f886281-9938-4262-87bb-4da6fc74ea18,48,female,-5.3,0,-12,
050251.jpg1,105,133,88,133,2705fc77-7689-491d-ad61-0af95aaf54ff,81,male,1.1,0,-6.4,
050251.jpg2,101,95,364,95,a23b226a-18c8-4bb2-8072-e3d137d6b8f8,56,male,-48.1,0,27.2,
050501.jpg1,121,137,106,137,ca283cd4-ee98-48b0-ba69-a1ddc6d8007d,81,male,4.5,0,0.7,
050501.jpg2,102,90,369,90,a4cdfb2e-2d02-4190-962d-667a175af8fd,50,male,-47.1,0,25,
050751.jpg1,68,133,67,133,88d426f9-3fed-4aa0-8566-c1025611148c,71,male,-1,0,-2.8,
050751.jpg2,95,96,366,96,63616302-acfc-4aec-99be-07098b4007a8,45,male,-51.3,0,24.5,
051001.jpg1,93,136,189,136,6f8f2daf-f15f-4d02-82f7-e530c26ef876,82,male,-9,0,3.7,
051251.jpg1,82,137,232,137,b6b7083c-76b2-4823-85e9-0251956c55de,82,male,-1.3,0,2.7,
051501.jpg1,87,135,216,135,c6683516-5387-4179-a56b-f1f77f770c1c,81,male,-3.3,0,1.9,
051751.jpg1,62,138,229,138,c1b4ed1c-aac0-4d16-90dd-feec1678b6fe,76,male,-1.3,0,-4.5,
052001.jpg1,79,139,193,139,6e0575bb-9372-49ea-a0c6-5cf79875d20a,81,male,-3.3,0,-3.4,
052251.jpg1,102,135,194,135,3430a762-05bf-4960-bfd4-b1043eaf8445,82,male,-1.6,0,-7.2,
052501.jpg1,81,132,186,132,950ac873-7553-4f89-909f-5f3845a1d5a2,81,male,7.7,0,-7.1,
052751.jpg1,108,130,247,130,ec753df6-48ff-4063-8d23-f1774c433cc8,88,male,-9.5,0,0.4,
053251.jpg1,87,41,453,41,4899ba43-85af-4942-8b12-9f7bf60645df,46,female,3.2,0,3.9,
053501.jpg1,100,117,267,117,47ccb386-5cfb-42bd-b6a0-e27ac09c7ff9,46,female,4,0,-3.5,
053751.jpg1,49,133,64,133,034d54b4-541f-462b-a969-031f99434064,80,male,-5.7,0,-2.1,
053751.jpg2,104,110,406,110,f7a3eecf-51b6-4855-b0eb-53eaf995f2f8,50,female,-21.7,0,2.2,
054001.jpg1,104,116,222,116,2631b3c7-88b9-48ab-aad8-1ae445fcf6f7,46,female,-27,0,-2.8,
054251.jpg1,109,108,260,108,37a45b5d-5ed2-4974-a4a2-42a81c68760d,46,female,-28.3,0,15.7,
054501.jpg1,105,133,57,133,ed26e911-eb02-46f9-a190-f77b40b625ae,88,male,-3.3,0,-1.1,
054501.jpg2,107,105,399,105,07ed44c6-b440-49ba-be43-32f6b3dbb05d,39,female,-40.5,0,17.6,
054751.jpg1,97,115,216,115,0d85ca80-2bfe-4899-ae46-c564b185527f,44,female,-18.1,0,3.3,
055001.jpg1,72,128,134,128,68c48680-cbd3-4720-af1d-eb43ab355d25,74,male,26.5,0,2.5,
055001.jpg2,109,113,414,113,e524e5b5-f1d4-4326-8388-166e397bc25b,42,female,-23,0,11.7,
055251.jpg1,100,129,110,129,b2a0e8b2-dcd3-4ed0-aa2a-1b65d27789b7,82,male,-2.2,0,3.4,
055251.jpg2,113,106,402,106,5bba313f-d87c-4a14-9538-91e82093ece1,43,female,-27.1,0,11.3,
055501.jpg1,87,82,83,82,41ce83f3-e6f9-421a-abc0-73a846046b78,40,male,5.9,0,-8.3,
055501.jpg2,65,69,455,69,02873687-4c62-4975-ab6f-d62626c0479e,27,female,1.3,0,-0.3,
055751.jpg1,101,135,97,135,ba7c5249-56fb-4c76-8137-8cc00acbb035,86,male,8.3,0,-7.2,
055751.jpg2,108,91,368,91,3ba6df93-ecfe-41e8-aad2-cc7c5f6a3901,75,female,-45.8,0,21.3,
056001.jpg1,108,133,111,133,98f92864-653d-4b86-9f21-a0966710842c,86,male,1.1,0,1.2,
056001.jpg2,98,96,374,96,f2856563-e65d-4879-84c0-c407a25a66d3,62,female,-45.7,0,19,
056251.jpg1,88,135,64,135,656ecb1a-d940-493e-bc48-9f6e139b2db7,80,male,-3.3,0,-4.8,
056251.jpg2,108,99,381,99,1823013f-37ea-4051-aba6-c4b11d9e139b,54,female,-40.7,0,15.9,
056501.jpg1,87,133,266,133,4d29ff33-133e-4ff6-8b55-868fe2cc25c8,76,male,-2.9,0,-1.2,
056751.jpg1,113,130,259,130,feb629a7-4083-4bde-8445-93a3052072bf,83,male,2.4,0,-2.5,
057001.jpg1,91,78,132,78,097671b6-77f5-451e-b0a1-21000e69eb38,35,male,24.8,0,-8.7,
057001.jpg2,74,69,453,69,8c8d3580-4d6c-4425-9ff9-6a2a57dd563a,30,female,-26.3,0,6.1,
057251.jpg1,122,43,216,43,90234f1b-d547-4aac-9ec5-e461e61e8518,74,male,14.2,0,-0.5,
057251.jpg2,159,31,473,31,e20ac315-0fd3-4f02-8a51-4affefbbc35d,16,female,22.4,0,0.3,
057501.jpg1,56,99,281,99,ed319771-5eaf-42e9-b347-118451290a77,44,male,-22.8,0,-0.6,
057751.jpg1,54,49,529,49,14a0e404-4998-46c8-bfc5-15d7cb905300,18,male,-30.7,0,20.3,
057751.jpg2,131,48,167,48,f043991d-92a7-4609-adbf-23b73fba3247,32,female,21.8,0,-3.1,
057751.jpg3,91,45,560,45,f077bfa5-41cd-451a-9110-7dd8467bfda8,18,female,-50.7,0,12.6,
058001.jpg1,99,83,193,83,d55eede5-8e37-4152-a9bb-72dd4534ebb5,14,female,29.6,0,9.2,
058251.jpg1,78,164,311,164,c00c6179-5ea0-4525-98c2-300cd69a5f0b,29,male,-33.3,0,5.1,
058751.jpg1,66,98,270,98,245dea1a-40a4-4fa9-9968-04682ad44b50,42,male,-3.5,0,7.2,
059251.jpg1,70,39,503,39,57c11d05-437e-4e55-8518-9b4b8ab53dc1,27,female,-32.1,0,11.1,
059251.jpg2,54,37,193,37,71939978-e094-4fc9-86b9-0021c9403915,23,male,48.8,0,-8.4,
059751.jpg1,61,96,256,96,dccfc392-2a29-4fb5-ad9a-d3fb2c25acbc,45,male,-17.3,0,1.9,
060001.jpg1,72,99,261,99,d92e70f8-794c-41c2-9750-5b394c888983,38,male,-1.4,0,-3.5,
061001.jpg1,88,132,236,132,70bda8c1-167b-4da1-a0a7-a15a55b2a48f,85,male,-1.9,0,-0.7,
061251.jpg1,95,139,229,139,f4ac26aa-c987-4e9a-bbb9-d0da0d020755,74,male,-0.9,0,-0.7,
061501.jpg1,86,143,229,143,c0fd95a5-80a0-4637-b25b-16dd0db39f34,76,male,-4,0,-0.6,
061751.jpg1,75,139,236,139,3bdde370-93aa-41fd-9013-4d77c8fdbdb1,78,male,-3.3,0,-0.1,
062001.jpg1,72,138,267,138,61457221-aedd-4aa5-bd66-62e91497ef6f,76,male,-4,0,-0.3,
062251.jpg1,89,139,233,139,eb546f67-e898-486c-9915-a86736105c7a,83,male,-5.3,0,-3.2,
062501.jpg1,89,139,256,139,26d2b3f8-6e7b-4b57-bd3f-d8aeb0fa6a61,83,male,-3.3,0,-1.9,
062751.jpg1,104,143,235,143,3b767973-5e8f-4209-bc17-0aebff8734b5,83,male,-1.1,0,-5,
063251.jpg1,106,46,211,46,108c7c2e-76c7-4dcd-9171-b69beabe67b0,37,male,0.1,0,5.3,
063251.jpg2,119,38,112,38,4b25c3f0-b776-415b-9de2-98e4fc2bdadc,45,male,-9.4,0,6.1,
063251.jpg3,146,38,503,38,5287b083-baa0-478e-b8a4-de5d1a9cacf8,44,male,-42.9,0,2.4,
063501.jpg1,119,39,428,39,04c7990f-ba86-4cb8-b4df-e03df1139eb5,41,male,-41.9,0,0.4,
064251.jpg1,124,79,177,79,5a43d529-c002-4c56-9a28-120b3b485106,27,male,8.1,0,-1.4,
064251.jpg2,83,70,429,70,ae3442e5-1e07-41bb-a9aa-0c7d9a3529b3,31,female,-5.3,0,-9.3,
064501.jpg1,106,137,272,137,2007196f-fae9-4b74-a129-88ff728469e1,38,male,-0.5,0,-5.1,
064751.jpg1,81,137,236,137,1979faf4-0461-488f-9ea9-81e3d41a9499,81,male,21.8,0,-2.5,
065001.jpg1,88,136,278,136,692b0c14-ab3a-4142-993e-e3bd524c882f,38,male,2.2,0,1,
065251.jpg1,90,136,222,136,9c11319d-1e04-4b58-9131-b6f8d2ff5f9e,82,male,19.4,0,-8.3,
065501.jpg1,77,142,178,142,fb0a0a8d-318d-4cc0-b758-075d5f089f4a,82,male,-4,0,-5.1,
065751.jpg1,87,139,84,139,790c5ce0-4578-410c-8312-ddb0d284bcb8,76,male,29.9,0,-4.7,
065751.jpg2,96,100,358,100,a992a582-3b39-48ac-8886-7f187ad6083a,48,female,-49.4,0,11.4,
066001.jpg1,99,134,252,134,61370bef-aed6-4d65-a0fe-9cff6370afd4,37,male,-2.3,0,-5.1,
066251.jpg1,86,154,108,154,d836780f-8554-4dff-a700-1e5ee318a13a,82,male,21.8,0,-2.1,
066251.jpg2,98,120,412,120,dcf57280-1d29-4195-81fa-a5dd973a5da5,55,female,3.1,0,5,
066501.jpg1,88,145,212,145,f5622241-770d-4771-884b-ed756653ba69,82,male,20.7,0,-7.2,
066751.jpg1,89,149,208,149,1fa8623c-264a-47fb-9605-3786a5878389,78,male,-8.5,0,0.9,
067001.jpg1,99,151,220,151,6deab314-0a28-43f6-a941-87f8553dc5ca,81,male,-3.3,0,-0.3,
067251.jpg1,102,143,244,143,acfb1af1-f7ea-4b27-b9a3-3c7d9f9bf39b,86,male,33.6,0,-4.8,
067501.jpg1,95,116,243,116,fc021174-14a0-4700-b456-bde0e6b523b4,40,female,4,0,-21.8,
067751.jpg1,117,136,247,136,7c5e5483-45c5-45c9-ba96-9763c4056f0e,34,female,-4,0,5.3,
068251.jpg1,108,132,258,132,cfa687a6-65ef-49c3-9d2c-b1967e14086f,44,female,12.2,0,-18.4,
068501.jpg1,111,135,260,135,258f6463-5c91-4437-bf53-abe11d9bd528,46,female,2.6,0,6.3,
068751.jpg1,96,131,277,131,2d7c71e1-e782-44ac-9cd1-e463057cd91c,34,female,13.9,0,-7.4,
069001.jpg1,111,135,249,135,26293b91-639f-48b1-9462-3bd9b4aafa5b,46,female,-3.6,0,-3.4,
069251.jpg1,104,135,251,135,c15e6d77-3509-4ba2-84be-94ebcd1791ea,46,female,7.4,0,-7.5,
069501.jpg1,105,131,433,131,9004cc8c-f734-48f4-bd8a-d98c9578c4bb,45,female,12,0,-11.6,
069501.jpg2,94,123,147,123,ddbd5ffd-51e9-48e3-8409-4538df2293e2,59,male,47.6,0,-5,
069751.jpg1,102,136,426,136,6e72e907-4102-43bc-9154-f215412b12c9,44,female,3.4,0,-13.9,
070001.jpg1,100,129,291,129,1154f525-7880-4d66-a9ed-307923ad8903,20,female,8.6,0,2,
070251.jpg1,109,136,260,136,49391102-46c1-4b36-8374-d2aed56508f0,59,female,-2.5,0,0.7,
070501.jpg1,54,76,128,76,b8206b5d-e71c-4274-8b11-d780c072071b,30,male,-35.7,0,14.6,
070501.jpg2,142,64,320,64,e3b8183b-263b-40dc-90db-1c3b7b687748,54,female,-50,0,6.4,
070751.jpg1,81,130,286,130,81977801-e433-43c3-ba03-db58dbef88f4,43,female,15.9,0,-6.2,
071001.jpg1,111,121,283,121,f874b9f0-f4f4-4730-aefc-17d723cf18c4,60,female,-6.4,0,8.9,
071251.jpg1,85,112,282,112,f7d13570-8764-4d0d-9728-72ce83497dd3,43,female,3.8,0,-5.2,
071501.jpg1,59,72,166,72,32351310-1c2d-4f31-af71-796d31fd3d59,72,male,-41.6,0,2.8,
071501.jpg2,125,72,354,72,f3978c7c-346d-4f2e-b35d-2c36da5a5183,46,female,-41.9,0,8.5,
072001.jpg1,89,135,199,135,3ffa1c15-92c5-4743-8f15-73712eafc1a7,84,male,-3,0,-2.3,
072251.jpg1,78,136,176,136,f5d25a54-dc91-4bf0-ace7-daf9935e2ef6,80,male,8.2,0,-6.7,
072501.jpg1,74,142,222,142,fd269daf-f6d5-4677-808f-b0d72cc2fb8c,82,male,17.4,0,-3.2,
072751.jpg1,96,144,177,144,827a1912-84f9-4efa-89c2-3d7ae12f0be1,81,male,-3.2,0,-4.2,
073001.jpg1,90,143,180,143,e1df3c0a-7fd9-4e43-bd08-bed15e214080,76,male,-1.1,0,1.7,
073251.jpg1,80,143,201,143,3399947a-ba1c-4ca9-86f1-e9e1ab2b12c5,82,male,-1.6,0,-0.4,
073501.jpg1,93,143,215,143,815cd297-a29d-4d9d-8f1d-66ad06e73431,80,male,-2.7,0,-0.6,
073751.jpg1,92,141,228,141,7c5d920a-0438-45e2-8415-c69a75b1b522,80,male,4.8,0,-2.3,
074001.jpg1,87,140,224,140,48dab208-662b-4a08-959a-661580c0f7d6,82,male,-4.1,0,-5.1,
074251.jpg1,102,141,208,141,e001de6d-e148-445a-a23f-434978ec0a3a,76,male,-4.1,0,-6.5,
074751.jpg1,90,112,299,112,f917f901-f83f-480c-8d88-293e1397ec17,40,female,13.2,0,-4.2,
075251.jpg1,88,111,414,111,b8366f12-f795-4dee-a969-a76123788daf,44,female,-17.5,0,1.4,
075501.jpg1,90,116,422,116,c32bc7ee-2b24-4b6d-8796-acee2cda8942,54,female,-18.1,0,-5.1,
075751.jpg1,106,117,238,117,e108c876-e116-46b4-ae9d-ca4e84893982,54,female,-21.3,0,2.3,
076001.jpg1,98,116,223,116,9e55efb9-c42c-4200-b016-c764c53d71b8,58,female,-18.4,0,3.2,
076251.jpg1,104,137,102,137,850fd5f7-3002-40e1-a245-87ae24d048fa,82,male,8.3,0,-7.6,
076251.jpg2,92,125,391,125,8cd34d61-6d10-45d7-94be-87071d4cff66,66,female,-3.5,0,3.8,
076501.jpg1,85,136,207,136,a25ce086-9fae-4dcd-8aca-5d2ed0735e28,82,male,-1,0,0.7,
076751.jpg1,58,66,160,66,e311edbf-79a5-4cf4-af59-c42c09b3fde4,82,male,-43.6,0,11.6,
077001.jpg1,119,136,165,136,48728b03-fa62-4aed-9f94-d67eb4561119,84,male,-6.3,0,-1.5,
077251.jpg1,86,138,219,138,7bc51359-a64d-4811-81db-6cd4bf9bf67d,83,male,19.6,0,-2.4,
077501.jpg1,108,140,209,140,8a829ac2-edb3-4b9e-9d5d-680f58161e5b,83,male,-2.7,0,-1.9,
077751.jpg1,64,50,127,50,5b412726-8161-43ac-ae72-55d108155a83,74,male,23.9,0,0.9,
077751.jpg2,112,42,477,42,0e744952-e547-45f5-bea3-4966faf73003,12,female,-8.3,0,7.1,
078001.jpg1,65,77,249,77,450c246d-c244-40d8-ba4b-f9684253f555,54,male,-27.4,0,-1.4,
078001.jpg2,145,70,328,70,84d9dc49-bd0f-4852-97cd-8a12058833dd,56,male,-41.9,0,0.6,
078251.jpg1,89,111,211,111,0856f5e8-c46f-4e57-9b79-9f2d5b866688,76,female,-26.1,0,-5.5,
078501.jpg1,72,121,393,121,b820109e-0a5c-4c55-b155-25db26d51be9,43,female,-21,0,9,
078501.jpg2,102,118,115,118,3ee616a4-3d32-4f96-aabb-400ea174f3a1,48,male,43.7,0,-14.3,
078751.jpg1,103,59,435,59,62ff8568-78eb-49da-ab4c-d579a5b90523,12,female,39.2,0,-10.1,
079001.jpg1,100,132,68,132,73221c1d-8519-4ece-8bf6-3b7c1441b479,82,male,2.4,0,-9.1,
079001.jpg2,94,120,430,120,c3ea547c-ed8d-4ca8-be9f-c965115a1c62,40,female,-6.7,0,-0.3,
079251.jpg1,87,112,287,112,77c1306f-7c44-4c54-820d-43efa7faf481,36,female,1.1,0,-5.5,
079501.jpg1,90,117,217,117,e63bc261-ca12-44a2-b1de-4382ba5c9ae1,53,female,-10.4,0,3.3,
079751.jpg1,95,111,255,111,4ce914b7-2c56-4a82-8144-44fa5bcaabca,74,female,-16.7,0,5.5,
080001.jpg1,91,115,245,115,638906ea-0295-4482-9b94-92bd477b03b2,44,female,-17.2,0,3.3,
080501.jpg1,85,139,164,139,6b5e51f8-40ca-4286-955e-bc7adb7e099c,82,male,8.3,0,-9.1,
080751.jpg1,62,132,207,132,60e1ac87-4f72-469d-891c-166ff304cdd8,84,male,13.6,0,-1.3,
081001.jpg1,101,139,195,139,41288407-2981-4740-a028-eb7547f49a6b,84,male,-1.1,0,-1.7,
081251.jpg1,90,137,194,137,f2783f11-b2b8-4f8a-b933-e6799ebf1857,83,male,8.2,0,-5.5,
081501.jpg1,66,41,168,41,7d7a0a22-cedd-41dd-b0b8-01ef1c75b8e5,84,male,16.7,0,-7.4,
081501.jpg2,96,29,452,29,b3f6b6ad-c943-4c5f-931c-7ffaf478ad2e,33,female,-45.3,0,11.8,
082001.jpg1,100,109,311,109,91c8fd50-e8c1-4947-820d-5a1b15b4ca52,46,female,29.8,0,-13.7,
082251.jpg1,99,109,324,109,d84373b2-b094-4f4f-a113-8c3e35a4c11d,45,female,32.2,0,-6.5,
082751.jpg1,100,115,292,115,6c1b0240-3906-4b2d-8cc3-380e21644fb4,36,female,4.2,0,-2.5,
083001.jpg1,83,114,287,114,8e12e589-a61d-4d77-ab83-75080b68ec0d,44,female,16.1,0,-4.9,
083251.jpg1,111,113,272,113,a4163fb4-0a32-4f27-a718-2cfb4e4fdcbd,58,female,-10.5,0,8.9,
083501.jpg1,87,112,251,112,a5b320c2-576a-45e0-8529-c935942520b2,54,female,-3.1,0,-9.1,
083751.jpg1,81,117,293,117,98156876-b5d9-4e70-8cd1-c95526fd317e,43,female,-3.1,0,-4.5,
084001.jpg1,95,49,458,49,2759ee2e-fbf1-4c81-a6d2-de9b3705a416,36,female,-14.9,0,-1.9,
084001.jpg2,76,43,139,43,be1c6c6f-8052-4a92-bbea-b1c99b07b506,64,male,32.2,0,7.3,
084251.jpg1,61,108,271,108,dc849d25-09d6-43be-97d5-8bb02e932948,36,female,6.1,0,-7.1,
084501.jpg1,98,115,233,115,a9ba2d99-c3e2-46ce-ab86-81ff33acbed4,47,female,-25.2,0,11.3,
084751.jpg1,70,75,173,75,2d4fcbc9-6579-4c20-8b91-57a2a1cccf7b,66,male,-11.4,0,-9.3,
084751.jpg2,122,67,351,67,36c20f84-be64-46a3-9366-2cdfd254429c,50,male,-47.9,0,11.6,
085001.jpg1,76,118,259,118,b7598c2f-2250-44ce-aff0-3dde4a4c98d7,52,female,14.8,0,-4.4,
085501.jpg1,66,138,77,138,b01228f5-cd45-4bda-813a-9c05891b19da,82,male,-4,0,-0.5,
085501.jpg2,109,99,379,99,1075339c-41a1-4cb3-9455-37bfe11bc774,48,male,-51.4,0,22.7,
085751.jpg1,80,138,184,138,304695af-83bb-429b-b9fb-ee46e198c713,86,male,11.4,0,-7.3,
086001.jpg1,75,155,227,155,f91a2ef5-a7a2-403b-9bdd-eaa5219523fe,78,male,-4,0,3.1,
086251.jpg1,74,157,178,157,fab27da8-ca4e-440f-a212-d508af05b81a,82,male,-3.3,0,-8.8,
086501.jpg1,69,159,198,159,ee907871-108c-4f89-867a-23de8c41b684,82,male,-4,0,-2.1,
086751.jpg1,54,160,193,160,6fcde1a6-0b58-42b4-9160-e0437cb60f41,76,male,-2.7,0,-0.4,
087001.jpg1,107,58,497,58,d619cedb-f92d-4e33-aa93-1876d5ae0ac5,34,female,-16.6,0,7.1,
087251.jpg1,112,116,241,116,d9089d4c-f784-46eb-aab7-361a938c3832,54,female,-19.7,0,7.7,
087501.jpg1,108,68,411,68,d7ed4395-87d0-43c8-ad6e-be39a5761c7d,41,female,29.7,0,0.7,
087751.jpg1,104,114,204,114,49852ee3-dc06-455d-a937-97a122ead644,41,female,-42.6,0,14.6,
088001.jpg1,101,129,231,129,83bdbd27-8a38-492c-9ae3-fa1590a4d6f1,46,female,-13.1,0,2.1,
088251.jpg1,92,127,237,127,822cb758-3892-4431-b871-ef0cbdfe3327,58,female,-20.5,0,0.3,
088501.jpg1,78,134,334,134,fd971016-5343-43bd-9b23-833b295c30f2,77,male,20.7,0,3.5,
089001.jpg1,96,137,213,137,c1965df3-38a5-4678-a508-9a994a6f1f68,82,male,4.5,0,-12,
089251.jpg1,50,37,99,37,786c1445-0d82-4789-afc2-02745dbebf6d,44,male,-14.5,0,-4,
089251.jpg2,50,32,246,32,a09b45d4-3401-415d-aac0-015911a6edbb,37,female,2.2,0,-6.5,
089501.jpg1,76,116,265,116,41f7b2c2-f89a-42fa-a1ac-61d829482a9d,36,female,2.6,0,-8.3,
089751.jpg1,100,118,299,118,f6230378-74dc-486f-b2ee-8c8fe3f9231e,40,female,18.3,0,15.9,
090001.jpg1,97,135,185,135,f84b88e9-0290-4417-a1e7-ba1a4ae9e78a,84,male,8.2,0,-8.7,
090251.jpg1,110,50,447,50,40503b57-1b46-4613-a435-3b5cd1b23dea,44,female,-19.5,0,12.9,
090501.jpg1,86,134,202,134,23d811c2-5867-4d88-829f-c0c5fb201597,82,male,17.5,0,-2,
090751.jpg1,98,132,208,132,58fca30c-b3f7-438a-9509-a3cab3083a94,79,male,20.7,0,-12,
091001.jpg1,79,136,200,136,fb95fa11-cfe1-488c-8692-8e5284e57718,76,male,-1.1,0,-0.5,
091251.jpg1,90,136,198,136,dd6c9dc6-4817-4126-b81a-4997c2941513,82,male,-1,0,-5.5,
091501.jpg1,99,135,182,135,4dc4bfb1-4dd3-4342-9c34-6f5a7a30a8be,81,male,24.5,0,-6.6,
091751.jpg1,90,132,195,132,7da4b700-8a39-4ef1-b975-b06006066968,82,male,18.9,0,-9,
092001.jpg1,61,151,174,151,c44babf2-8dd7-47b2-8379-65f78e638eb7,82,male,17.5,0,-8.2,
092251.jpg1,54,151,178,151,37dc7bb6-0407-499a-95ed-a09b59780299,69,male,18.8,0,-8.1,
092501.jpg1,103,154,172,154,1037bd92-42de-409a-b67d-3fb3aa5866f3,82,male,18.1,0,-7.7,
093501.jpg1,33,30,325,30,c9d84e7b-4493-44f7-af07-a1ef4e1e7068,27,female,-8.9,0,0.4,
093751.jpg1,90,120,258,120,e3af7dde-e82f-4a82-a5f6-e711dc8a9932,30,female,-4.3,0,10.4,
094001.jpg1,64,72,273,72,ff092975-1efe-4292-82ae-fd17635d48f2,36,female,-9,0,2.9,
094251.jpg1,91,108,226,108,15742fab-4123-4390-9c74-e1584a02c320,43,female,-24.1,0,4.5,
094501.jpg1,75,37,430,37,46967ca2-da92-423c-8853-908a77d3ac7a,36,female,-0.7,0,-1.1,
094501.jpg2,64,36,224,36,bc5a384a-f092-45d0-ace8-b51d8fa17a31,27,female,48.3,0,-22.3,
094751.jpg1,91,84,281,84,608d64ba-0664-4067-a34c-f64c38500d36,45,female,-17.2,0,2.2,
095001.jpg1,63,40,186,40,d48811ba-5e2a-4bd0-a985-f4366940ebf2,56,male,45.2,0,-7.9,
095001.jpg2,75,34,345,34,0c5e5b76-5b41-4cc3-aecb-6e32866c75ab,36,female,-45.4,0,5.4,
095251.jpg1,59,45,227,45,df7cd086-8426-447e-a9c2-15b280824c66,28,male,14.9,0,-7.4,
095501.jpg1,113,119,257,119,b872f73b-a802-4557-b667-c6eb2c5dac3d,43,female,-4.7,0,-0.5,
095751.jpg1,51,31,198,31,334e2d4e-f49b-4165-9e7d-0dfb52b9cd2d,56,male,39.3,0,-6.5,
095751.jpg2,62,30,88,30,e6f32a93-01f5-40f2-9257-3704722cf940,47,male,41.5,0,13,
095751.jpg3,49,28,459,28,36f31b6f-cf3b-459f-bb4e-7937df3fe202,46,male,-19.9,0,2.3,
095751.jpg4,50,27,551,27,08c9488f-6251-48e3-83fe-e34cdd053c1f,73,male,5.2,0,-1.1,
095751.jpg5,79,26,343,26,9006d7a7-cfbd-459e-a420-30fe06610eeb,12,female,44.1,0,-5,
096001.jpg1,77,108,241,108,3e14f599-b83f-40be-8b9c-d204b3e0002b,43,female,8.4,0,-16.4,
096251.jpg1,112,118,242,118,6b4a6654-80dd-4b8f-8be3-5ade3395ce9b,42,female,-16.3,0,8.4,
096501.jpg1,80,47,412,47,f57119b8-1d43-4165-978e-b229e2722af5,30,female,-20,0,0.2,
096501.jpg2,72,46,159,46,e2282e4d-3d4f-4c09-a9ef-d11cb6335a89,27,male,-1,0,-16.3,
097251.jpg1,113,111,345,111,d06bb509-fc20-4a6f-a3b9-ccfda624c610,36,female,-31.7,0,0.8,
097501.jpg1,92,135,89,135,50f9290f-18c1-49c0-937c-e8cff7f1860b,81,male,4.3,0,-0.6,
097501.jpg2,78,115,378,115,91b5d2e4-1660-4ca9-ba27-a2d0b2ba9653,36,female,-27,0,11.4,
097751.jpg1,104,131,143,131,267d248e-aabb-4e0f-91ce-4801b69047b2,86,male,6.4,0,-0.1,
097751.jpg2,96,104,349,104,8e2e94dd-de85-4e46-b426-474356585065,41,female,-38.6,0,9.7,
098001.jpg1,82,82,477,82,9f30fb3d-a75b-4e59-8108-c71b57e2c825,52,female,21.3,0,-15.8,
098251.jpg1,82,82,476,82,17284aa8-6217-493b-9eae-3507d89a3e91,46,female,25.1,0,-14.9,
098501.jpg1,82,82,476,82,8a553c6b-e754-4f2c-9973-4f7a49c11606,50,female,23.8,0,-15,
098751.jpg1,82,82,477,82,c19b88dc-201a-4a8c-9872-95d9bb0476e0,46,female,22.4,0,-15.6,
099751.jpg1,97,44,249,44,158b7197-4f97-4fda-bd7b-88d0a4fd4bb6,38,male,23.4,0,-9.4,
099751.jpg2,114,31,381,31,51c6fff7-8c88-4e9d-9761-6fae30eec5d2,34,female,31.2,0,5.7,
100001.jpg1,115,51,218,51,baa02656-bdbd-43af-afc9-3f9f2452e085,32,male,42.5,0,6.7,
100501.jpg1,92,118,304,118,58aabec7-4df3-412f-90f6-55a47fe63ce9,59,female,16.5,0,0,
100751.jpg1,106,117,310,117,d3e996bf-b311-440d-b1d5-30c0271f2a6c,59,female,9.6,0,-0.7,
101001.jpg1,95,137,282,137,01b261a7-3d73-460b-926a-9d290d6dd7e0,41,female,3.1,0,-4,
101251.jpg1,105,141,291,141,581b468b-ac22-44e6-a12e-eacd43ca8724,48,female,-0.7,0,0.4,
101501.jpg1,107,135,270,135,92bb7deb-f193-4d1c-915b-0eadb2c080e3,38,female,13.5,0,-19.8,
101751.jpg1,92,138,299,138,ec27e578-17ff-4dda-bd4d-f1c40a490fdd,43,female,18.9,0,-16.2,
102001.jpg1,106,137,241,137,15177fa5-82e3-4508-adf9-bed98c447698,61,female,3.8,0,-13.1,
102251.jpg1,117,134,253,134,5e1dfb9c-0faf-4ec2-ac27-24069747414f,58,female,7.5,0,-12.3,
102501.jpg1,104,133,265,133,cf3bbc96-bb2f-4540-93e3-b72bf34cb54d,66,female,9.3,0,3,
102751.jpg1,110,130,288,130,3764cb38-2387-4b4e-be0b-f36963873e46,46,female,2.6,0,2,
103001.jpg1,107,138,300,138,78ce2fda-4aec-4820-8582-3ca9466ff259,46,female,23.2,0,-3.1,
103251.jpg1,110,130,246,130,a8598631-7867-4c04-9ecd-951da0ec954b,46,female,0.8,0,-10.4,
103751.jpg1,123,136,255,136,0aadad97-3248-4254-a18e-4f2148009b6b,44,female,6.5,0,-5.1,
104001.jpg1,129,135,229,135,6f26867c-714a-48cb-81a0-ace5b58f9f04,40,female,0.4,0,-13.4,
104251.jpg1,102,61,458,61,1000decd-c15f-4988-9adf-f0d8e2702c59,30,female,-32.7,0,14,
104251.jpg2,58,60,77,60,d0ec899e-042a-4e4a-9862-1c14f06a04d9,61,male,8.2,0,-8.9,
104501.jpg1,90,151,198,151,a0b2448d-7073-4941-9da5-b5cbbccc8b62,83,male,29.1,0,-10.3,
104751.jpg1,93,160,90,160,662ceaf4-0795-4037-b771-56bd12b1e170,84,male,8.2,0,-0.1,
104751.jpg2,140,128,421,128,33a6940f-8144-4094-bee1-fb5f0eff35e9,45,female,-9.3,0,10.1,
105001.jpg1,89,152,286,152,5dcdfcda-eb6b-49e5-ad19-571f637c6dfd,81,male,6,0,2.2,
105251.jpg1,128,153,252,153,79dd90db-c5b2-4a45-94d8-bacbe825448c,82,male,0.7,0,-9.1,
105501.jpg1,88,155,238,155,ad6e00a5-70d9-4054-9d68-70639faad4cd,82,male,-4,0,0.3,
105751.jpg1,109,126,149,126,a178258b-878e-4ab1-92e8-01c63bb649c9,64,male,38.7,0,-13.4,
105751.jpg2,124,109,419,109,85c638fa-362b-43d2-9c20-98f36809725e,42,female,-24.6,0,7.9,
106001.jpg1,76,152,82,152,a6b8d4af-ecc7-4c17-8543-90bf366b2885,81,male,8.2,0,-1.9,
106001.jpg2,103,118,429,118,5347984d-fa77-4744-aa7c-9cca2ea914b5,68,female,-11.2,0,-1.8,
106251.jpg1,84,127,282,127,85332c46-96c2-4c99-a3d6-ee021de3c700,33,male,-2.7,0,1,
106501.jpg1,73,37,82,37,a4e74593-0ed1-43f2-a990-580b9bd09aa4,37,female,48.6,0,2.8,
106751.jpg1,119,53,501,53,8cf319d0-04ee-4bba-8b6f-988784336b69,34,female,23.9,0,19.5,
106751.jpg2,60,50,93,50,3dcb8fa6-d81b-44e5-a284-6c5282ebe338,69,male,-37.2,0,-7.8,
107001.jpg1,56,148,196,148,cf1cd1b5-97d1-41d0-b647-bf2194453539,88,male,-0.7,0,-2.4,
107251.jpg1,82,157,211,157,2c7d0803-1716-4205-8116-01fb4f67e7ec,84,male,16.6,0,-6.5,
107501.jpg1,95,156,192,156,bf6228d7-d90b-44ba-ac25-11afc69df8e9,84,male,-1,0,-6,
107751.jpg1,99,146,170,146,2934b2ed-1cb8-4524-8e91-991b655994f2,86,male,39.9,0,-13.3,
108001.jpg1,76,137,205,137,595e55d0-ccb6-4efb-9898-743ea5659fec,82,male,-2.2,0,-1.8,
108251.jpg1,114,142,241,142,7221a620-612a-42c3-9657-80fdc058dd15,82,male,7.2,0,1,
108501.jpg1,99,144,179,144,50ee69ce-9aa9-444a-9e94-c2cf7f9d9bb0,84,male,-3.3,0,-9.3,
108751.jpg1,88,139,213,139,a08320c8-1f91-46f9-993d-0afc5e014c3a,84,male,14.2,0,-4.9,
109001.jpg1,126,99,435,99,4f3d8246-dcd1-4cf0-b416-d27f2b53cf5c,42,female,-2.3,0,2.5,
109251.jpg1,74,140,224,140,78d3db8b-655e-41ec-a893-3794f74e6ca7,82,male,8.2,0,-1.5,
109501.jpg1,127,52,479,52,bd9a0f17-74eb-4b0b-9bd0-f53727e23fce,30,female,41.8,0,-4.2,
109751.jpg1,115,35,187,35,cf93e434-4b43-48a8-b87a-647a115e30c8,66,male,-43,0,1,
110001.jpg1,103,142,203,142,c1f0706e-0e1d-4dc7-89d3-b8ccbdba0755,86,male,8.2,0,-4.9,
110251.jpg1,90,138,201,138,3de1c9fd-989e-4458-af38-380974c21580,86,male,11.5,0,-4.7,
110501.jpg1,90,138,213,138,ad0ce82f-3ca9-418a-b3d8-dad532177599,82,male,29.3,0,-10,
110751.jpg1,61,131,221,131,6155147f-92a2-45e2-977d-e8dba7cb056d,72,male,33.4,0,-8.7,
111001.jpg1,96,112,255,112,25ae0c01-1aca-46e2-921a-d23308a035fe,44,female,5.2,0,-8.3,
111251.jpg1,91,113,256,113,8f68cd7e-0e49-445f-bcde-49c5696da616,48,female,0.5,0,-5.2,
111501.jpg1,96,115,267,115,50d66b27-ede8-4d35-b73a-282ed312ee65,47,female,2.7,0,1.7,
111751.jpg1,96,110,246,110,af76585d-3d95-4feb-925f-b8f84d8829ed,48,female,-5.7,0,-8,
112001.jpg1,80,115,115,115,40aaff82-02a3-4830-a82f-fe37560176f3,64,male,42.8,0,-12.2,
112001.jpg2,102,107,426,107,1e01327a-2faf-4c0e-b703-9d47f68bfef1,36,female,8.6,0,-14.4,
112251.jpg1,84,109,288,109,773f7605-99c9-4b7e-a36b-faad0ee8fd91,42,female,-2.6,0,5,
112501.jpg1,88,114,259,114,09bc23fe-b5e1-44ce-9d36-5b00957f2f7f,46,female,1,0,-4.5,
112751.jpg1,118,112,407,112,c392f1cc-35a3-4e1b-b270-65c3d2604e1c,39,female,3,0,-9.5,
113001.jpg1,101,124,227,124,0a7dfbee-745b-4685-926d-8805921b53d8,82,male,19.2,0,-11.8,
113251.jpg1,95,127,228,127,55c364ab-5095-4414-a861-9f583b3560a8,82,male,-1,0,-10.5,
113501.jpg1,70,127,183,127,12e2719e-e2c2-4eb3-b4da-d2fe032b32e5,68,male,18.1,0,-3.8,
113751.jpg1,62,124,174,124,9fbb0e4d-41db-4359-bd10-649ddba1a27f,74,male,-2.1,0,-3.7,
114001.jpg1,89,129,189,129,c6a81bf7-130d-4bc4-a13f-bfbe2cd67c76,82,male,-3.3,0,-8.8,
114251.jpg1,56,128,221,128,e336f197-ad2b-44ff-ace0-71b900165eb0,79,male,9.2,0,-1.4,
114501.jpg1,76,128,194,128,4d005741-5bb3-48a8-9582-e9d3c00994a1,82,male,-3.3,0,2.1,
114751.jpg1,95,127,198,127,fc681df5-a675-4687-a56b-491ea1fa0bcd,82,male,11.5,0,-0.1,
115001.jpg1,,,,,,,,,,,code
115251.jpg1,73,125,196,125,956c2bd5-8428-47a0-86b6-e790b5336d48,78,male,30.8,0,-8.1,
115501.jpg1,140,44,462,44,e94105c5-4447-4394-bfb7-9e103961a035,30,female,-32.3,0,9.1,
115751.jpg1,98,120,268,120,b8184635-6c1c-4f5f-b8a9-63335c83ad9a,50,female,5.3,0,-2.6,
116001.jpg1,92,113,264,113,fe3365d4-22e0-4b8a-b4ed-6f0acd4d484c,63,female,-3.7,0,1.4,
116251.jpg1,78,124,113,124,fb447a4b-9d83-4828-843f-97d5434367a1,81,male,5.5,0,3.7,
116251.jpg2,86,119,425,119,97a5d41d-3e85-4c25-9159-124d0b4162fe,44,female,-9.4,0,-0.1,
116501.jpg1,84,127,175,127,3c5b0c38-9043-48dd-b76c-6c8386d32127,84,male,4.6,0,9.7,
116501.jpg2,89,119,417,119,3593bc31-b054-4209-b003-387134d8a8f2,46,female,-7.8,0,-0.9,
116751.jpg1,93,117,403,117,0393c478-3d99-4eb2-be1a-c9291290d34a,58,female,1.7,0,-1.7,
116751.jpg2,93,117,170,117,5c158dd0-36fc-40af-a0b1-314b663a291d,65,male,43.5,0,-14.4,
117001.jpg1,91,119,429,119,2c5cb3e6-56ea-4577-a5d1-0fc420af4a6c,43,female,11,0,1.2,
117001.jpg2,108,115,141,115,0b41533d-b1df-49ed-b278-78838666eb44,76,male,23.8,0,2.6,
117251.jpg1,96,120,123,120,97ea702b-d400-4e79-a88d-05518563af03,56,male,29,0,1.9,
117251.jpg2,86,119,393,119,922dd86c-fd33-42ac-8743-ef9a0a09f6eb,52,female,4.2,0,-10.2,
117501.jpg1,82,129,79,129,ef78385f-a463-4826-a47d-75c9dac966e7,81,male,-3.3,0,-8.5,
117501.jpg2,90,113,374,113,adf59aa9-7d43-455c-862c-f70d45718ef5,55,female,-20.4,0,-0.5,
117751.jpg1,102,128,85,128,77ca86e5-fcc8-440d-b1ce-0a01b537b4d2,86,male,-2.2,0,-0.2,
117751.jpg2,117,106,387,106,c0b98690-9439-4ec9-99bd-085571a5b9ae,41,female,-29.7,0,-9.2,
118001.jpg1,95,111,175,111,013c0408-2809-404e-be2b-c2660ca1f706,63,male,36.6,0,-15.3,
118001.jpg2,128,109,397,109,ec26e2a4-f65d-48d6-b0fd-5d52dd4e42d9,43,female,-18.8,0,12.2,
118251.jpg1,71,128,89,128,4cd9aec2-d4c2-4555-9fcb-2cca5342f929,81,male,-1,0,-2.5,
118251.jpg2,123,104,387,104,56bfd76c-d22a-42fc-b81f-e2e9affa5d49,39,female,-31.2,0,10.5,
118501.jpg1,80,131,92,131,5f8aa40e-adda-4dc0-93ff-1afe94c71026,81,male,-4,0,0.4,
118501.jpg2,121,104,421,104,7a800192-69bc-4a37-bc47-f2d9a5545c7c,46,female,-26.3,0,13.8,
118751.jpg1,78,126,131,126,945f742e-cb0c-472f-91f5-9f1690979d16,72,male,20.7,0,-0.6,
118751.jpg2,105,98,383,98,ae8d00a1-2ef5-41c3-b9ef-2b75a0603693,52,male,-48.4,0,17.3,
119001.jpg1,144,92,462,92,f515db27-ec79-4f46-9c15-dfc6581ae759,58,female,29.7,0,7.8,
119251.jpg1,86,67,181,67,dafedf80-aa48-4551-a4cf-c70557bbc7c3,68,male,-32,0,-15.6,
119251.jpg2,126,61,354,61,bf7b5d95-9a33-43a6-a69b-f732ec208d15,52,female,-48.3,0,5.2,
119501.jpg1,112,109,279,109,36a2f4ab-dec9-44af-8b22-b95a702f15d1,44,female,-9.2,0,6.2,
119751.jpg1,91,115,272,115,5d015d38-adb9-4ed6-bf8f-91dca93fe8b2,46,female,-12.6,0,10,
120001.jpg1,89,121,273,121,f303e0ec-838d-4005-8a5e-713031565fa5,46,female,-8.5,0,3.3,
120251.jpg1,88,118,274,118,8bb6a9e2-f19a-4c90-b88e-44a89ec6f6b4,48,female,-13.1,0,1.6,
120501.jpg1,92,127,114,127,dc997e04-19fa-40b2-a041-0aba6c082609,79,male,7.2,0,1.1,
120501.jpg2,81,118,417,118,256a32e6-5bb3-4097-bdca-b3da2cfe7272,44,female,-5.9,0,-1.6,
120751.jpg1,83,127,157,127,61dc1bb0-79d2-4307-a420-f486ff80deeb,81,male,16.7,0,-5.4,
120751.jpg2,86,115,442,115,fc8b4ded-4456-45d5-bb45-bba633bf0129,45,female,13.6,0,1.2,
121001.jpg1,126,62,422,62,fed01b7a-5d52-4348-a19b-5da714a5f851,12,female,-28.5,0,-1.8,
121001.jpg2,59,61,181,61,714f4e65-a26d-457e-89ca-ce1f4252b099,64,male,-22.5,0,5.2,
121251.jpg1,90,28,485,28,041abb22-d841-4d77-80a4-550fd5be6b24,35,female,-13.5,0,-6.8,
121501.jpg1,84,118,411,118,7a91a29d-b433-4b42-a752-ce100d239e09,47,female,-5.5,0,-1.2,
121501.jpg2,83,110,131,110,521de804-f0e3-47fd-8910-5da3241f9b7d,64,male,44.6,0,-15.5,
121751.jpg1,95,121,142,121,20264285-91ec-4770-a38c-362db703e210,54,male,37,0,-5.3,
121751.jpg2,100,111,421,111,c4b9fb3d-a3d6-45d8-abd8-9d245f6a3e27,36,female,1.6,0,-1.2,
122001.jpg1,91,114,221,114,9c006e1e-dbce-4def-a319-6658e3342078,42,female,-30.2,0,7.5,
122251.jpg1,94,111,203,111,71d45cd0-35af-4a74-bbff-469936df785c,38,female,-34.6,0,2,
122501.jpg1,81,118,262,118,903d6370-ba3e-4db8-b407-ff1b9b6c5fcd,45,female,-10.4,0,5.2,
122751.jpg1,92,110,275,110,755ea10b-e008-4985-b2ed-2d7564c327cf,34,female,-30.2,0,14.4,
123001.jpg1,75,123,374,123,9f15a545-652c-48b8-a646-a204a24d4b4f,46,female,-8.7,0,1.8,
123251.jpg1,87,114,398,114,e757908c-ab9b-45ae-a716-0a75a19d49a4,39,female,-4.4,0,6.8,
123501.jpg1,96,124,106,124,9eb66e2c-6c84-4cd1-8b81-e93f21cf91c0,82,male,19.8,0,-8,
123501.jpg2,106,112,425,112,eb4fe214-60cf-404f-91b6-16881893f50f,46,female,-17.1,0,8.6,
123751.jpg1,87,124,126,124,83a337e4-0591-406e-90e4-aba69761c30f,77,male,21.8,0,-5,
123751.jpg2,111,104,392,104,068f1879-ceef-4da5-a5f6-7b2b5d85f797,46,female,-33.4,0,0.6,
124001.jpg1,85,125,93,125,e4a8b031-be0f-4597-9f7c-6a41cafc44f9,71,male,27.1,0,-8.2,
124001.jpg2,104,104,416,104,2be6dca6-82c7-4435-85a9-c2c1e8c0315f,48,female,-25.7,0,-1.2,
124251.jpg1,94,130,129,130,ab325351-52a1-4a23-9634-808988c2e1ba,82,male,-4.1,0,-4.2,
124501.jpg1,90,129,198,129,ac03b32f-f2a2-4223-9311-778e71072b11,80,male,8.3,0,-5.7,
124751.jpg1,87,126,196,126,5c289be1-08ec-41d7-8ae3-eb523b247a2d,82,male,20,0,-7.3,
125001.jpg1,66,67,141,67,dc8ac637-9666-4c1f-b3cc-5e334269b57d,66,male,-39.6,0,-1.3,
125251.jpg1,95,129,101,129,3cd55a0b-da56-41ba-aaab-dbd61a1ab43c,90,male,-3.6,0,2.1,
125251.jpg2,105,93,399,93,33e95da5-278e-422b-92d8-58919314df16,56,male,-54.9,0,8.8,
125501.jpg1,96,118,260,118,1055863c-cabf-4f43-b66a-ec6eb11a0de3,44,female,-12.8,0,2,
125751.jpg1,102,112,280,112,87eae9dc-6c7c-4b43-b9d5-b1ad089d1ad1,50,female,-11.9,0,5.9,
126001.jpg1,72,127,132,127,d41a7fad-f535-498a-9496-fbe5fbd61433,72,male,5.3,0,-0.4,
126001.jpg2,109,115,419,115,9a26c4be-42c3-4883-b505-1e0d363af03b,43,female,-17.2,0,6.7,
126251.jpg1,96,118,198,118,9c1c5da5-bf32-4251-99e1-4a615635932a,68,male,44.3,0,-6.6,
126251.jpg2,91,113,448,113,414f2832-0b7e-48fa-876f-f91d0e7f38c6,48,female,-5.9,0,3,
126501.jpg1,57,87,67,87,fe98e988-04f5-4cdb-80b0-725ab029cb78,63,male,-41.7,0,9.5,
126751.jpg1,66,127,108,127,ce1cbc75-d8ff-4ec9-a94d-cf689835a9e6,81,male,17.4,0,-3.4,
126751.jpg2,106,107,411,107,d6aff977-65e2-4b2c-9063-accc0db0f145,33,female,-51.1,0,7.9,
127001.jpg1,102,120,404,120,d741abc7-c9a3-4f95-9c98-6a6b723780eb,56,female,-3.6,0,-7.6,
127001.jpg2,119,116,65,116,45b46be8-2a79-4c07-8fa1-2f5daf09693a,78,male,12.6,0,-3.6,
127251.jpg1,100,125,109,125,ce3a8893-5d72-46d5-92f8-d45647d36017,84,male,8.2,0,1.2,
127251.jpg2,106,121,372,121,787ace6e-df63-4bad-a715-8e990f760c8b,55,female,-24.6,0,3.4,
127501.jpg1,60,127,125,127,6d33d926-b22d-4fa3-a2e2-dbefb195c2ef,72,male,6.8,0,1.6,
127501.jpg2,84,118,446,118,57ef4fae-03b2-40d3-b361-e29a5e0b89c7,46,female,-9.9,0,7.8,
127751.jpg1,89,141,264,141,a93e4d03-1dae-488c-97b5-d0c210bb48d1,37,male,11,0,3.1,
128251.jpg1,70,139,258,139,bb248228-3896-4b89-afb5-c080bafa4890,38,male,2.3,0,4.3,
128501.jpg1,82,129,154,129,35d2f0c9-deba-4d90-a06d-270b2fbb2cd4,74,male,-3.3,0,-6.6,
128751.jpg1,103,127,175,127,7bdf48ef-67d9-4830-b911-f9238291b976,82,male,10.2,0,-8.7,
129001.jpg1,120,129,159,129,065b2922-9331-40ef-8d15-4d5b96651b4d,81,male,6.9,0,-10,
129251.jpg1,93,125,250,125,ace39470-016c-44eb-b857-26fd4f746356,70,male,22.8,0,-6.8,
129501.jpg1,87,128,156,128,6139683c-e150-4067-8990-cddbe4fdf9f0,84,male,-3.3,0,-5.2,
129751.jpg1,109,129,68,129,ccdee4aa-698d-49f8-b90c-f3bfa6614d05,81,male,8.3,0,-7.7,
129751.jpg2,94,108,377,108,2637c3b6-567f-41c7-a59e-edd98b30ae02,40,female,-37.2,0,5.2,
130001.jpg1,93,125,157,125,79ebee5a-6528-4272-840b-b88f3f7c4d5a,81,male,16.5,0,-16.9,
130501.jpg1,74,125,185,125,e92aedac-71b0-4649-a0c8-640b1a9cfdb4,80,male,17.5,0,-5.2,
130751.jpg1,96,130,166,130,5c47f5f9-3a21-4e0f-a62f-72d996d31013,84,male,-3.2,0,-4.9,
131001.jpg1,79,129,190,129,a4d760f2-0f62-47e6-bdca-113bdeab5ae3,82,male,14.2,0,-3.6,
131251.jpg1,79,121,300,121,59ac7e87-327b-41a9-9076-f3956f94a057,64,female,2.1,0,-10.8,
131501.jpg1,91,122,302,122,d178675b-f02e-4040-881a-d3f3bb2f8559,60,female,-3.3,0,-2,
131751.jpg1,98,117,264,117,1d986e7e-5bde-4ee7-be8d-2e480a26ab50,46,female,-4.4,0,-10.2,
132001.jpg1,102,122,289,122,c80c8a3a-e4c0-4726-b8ba-615a0ed03cf6,53,female,-14.8,0,7.9,
132251.jpg1,100,113,288,113,0735cc78-6b92-4d89-a81b-376218cb5cf1,55,female,-11.8,0,6.7,
132501.jpg1,112,122,282,122,09dec572-2283-493f-a4af-bad9eac34bb0,32,female,-6.1,0,-6.2,
132751.jpg1,104,120,235,120,eaed5ac0-dac0-4d0a-8d2c-d5b76607e2ba,51,female,5.1,0,-10,
133001.jpg1,86,121,250,121,0cd57653-4f0d-49be-a70c-000c075bfb67,66,female,-0.3,0,-1.2,
133251.jpg1,85,122,281,122,549da973-3bb3-4327-82c8-3b822590badd,46,female,19.8,0,-2.6,
133501.jpg1,90,120,208,120,556f5305-fe3c-4540-b52c-dd81240b6e31,54,female,-2.4,0,-16.7,
133751.jpg1,113,116,252,116,ba8c9ad4-1727-4e83-a271-869339a03cff,44,female,-13.4,0,8,
134001.jpg1,107,117,174,117,9c7aa78c-5996-4db1-b67a-e2e0cb0f0282,40,female,-4.2,0,-9.5,
134251.jpg1,86,121,222,121,0a36de07-b5fb-4028-a537-70f0fae84fd8,52,female,2.5,0,-9,
134501.jpg1,95,121,265,121,ff8d76b5-ddd6-4f4a-b7d8-6955a1cb6e58,42,female,10.2,0,-5.1,
134751.jpg1,92,115,219,115,c166a827-f00d-4c6a-b03d-724807292766,54,female,2.2,0,-7,
135251.jpg1,94,31,178,31,5bffa828-258a-47d1-9d51-a715b81c4b23,7,male,-1.2,0,-9,
135251.jpg2,109,29,404,29,913687df-aab3-440c-95f3-d7a0d54e0df9,4,female,-0.4,0,-14.4,
135501.jpg1,67,35,168,35,abfa85a6-9384-4345-ad6c-8c494b8b12d3,83,male,-9.4,0,-8.2,
135501.jpg2,84,32,433,32,d3a43cdd-27d6-4a5a-9dfe-9686930db29f,36,female,5,0,4.7,
135751.jpg1,60,34,166,34,8eed6091-3458-4fe0-abfb-294968a496c5,81,male,1,0,-4.9,
135751.jpg2,83,33,412,33,dba1b03d-62ba-4f32-9678-8ff0e4ce8515,36,female,2.1,0,-12.6,
136001.jpg1,95,120,296,120,4c7ef54a-dda2-42a1-b370-3ea7aed74791,44,female,14.1,0,-3.6,
136251.jpg1,83,118,265,118,284f00c6-4d48-4a70-935d-0a802d1d2cd4,46,female,2.3,0,-1.1,
136501.jpg1,64,74,182,74,91fe3c20-f004-4677-aa81-225e50000e78,70,male,-25.1,0,-11.3,
136751.jpg1,103,117,236,117,87af137b-8181-4959-9b8f-06fbb39d76a3,42,female,-22.1,0,4.9,
137001.jpg1,101,117,259,117,0b11145f-fffa-4e0f-b812-72720c4419d8,48,female,0.7,0,4.3,
137251.jpg1,89,112,210,112,b742b54d-c0eb-42f9-98af-11ac19fa05ef,40,female,-32.9,0,5.8,
137501.jpg1,100,117,285,117,b8387a44-5c93-4a95-8bec-d1cbb88574ad,36,female,3.6,0,-3.5,
137751.jpg1,104,130,233,130,8cefce7b-ed9c-447b-9010-8b9359760928,84,male,5.2,0,-11.8,
138251.jpg1,90,123,186,123,2949b6eb-ce96-4065-889a-79092e63dd54,86,male,-2.7,0,-4.5,
138501.jpg1,85,129,229,129,625e57e5-71b1-40d2-8f0e-0c8c89d5fad8,82,male,17.4,0,-0.6,
138751.jpg1,105,128,183,128,639a9c62-3209-4906-af80-eea1ba0be499,83,male,20,0,-8.3,
139001.jpg1,101,129,201,129,bd09a9cc-0c5d-4f79-8ffb-b458cb09a951,88,male,17.4,0,-4.4,
139251.jpg1,67,125,186,125,babbf60d-9c4d-4e1e-b710-b331c812e8a5,78,male,18.8,0,-10.9,
139501.jpg1,86,48,142,48,253f4188-a471-4175-bc33-dada687e0c60,78,male,37.9,0,-7.8,
139501.jpg2,109,45,475,45,bf75d01c-4143-4609-87d6-815a5a5d1729,43,female,-18.4,0,-6.7,
139751.jpg1,88,126,210,126,e98b9bd5-38cd-4835-a0af-d6ad40ee83a6,75,male,26.1,0,-6.1,
140001.jpg1,91,125,225,125,3725e0b2-3a21-4702-bd58-635bf818d7cb,77,male,23.6,0,-11.1,
140251.jpg1,85,120,181,120,2416db48-05e5-4870-9f47-505a04023096,81,male,8.2,0,-7.5,
140751.jpg1,71,128,0,130,27b06f1f-1770-4877-b934-93ec7f7e02ef,73,male,-2.2,0,-5.7,
140751.jpg2,92,111,373,111,c2c30ebe-3ce2-4e4a-a952-5a4cc4fa4fef,39,female,-38.1,0,3.5,
141001.jpg1,84,129,101,129,73953812-ddfc-4556-bcd7-f2d0faf8116f,82,male,20,0,-7.1,
141001.jpg2,99,110,364,110,49b17c39-4371-4a7c-a1d1-2a61b269d623,44,female,-42.7,0,2.4,
141251.jpg1,136,126,183,126,aec1fb2c-3bda-4992-b684-926a65e675fd,88,male,8.9,0,-4,
141501.jpg1,84,127,205,127,c704c48d-fae4-427e-b3c5-d9f4843fd817,82,male,-1,0,1.7,
141751.jpg1,112,126,220,126,dfbb9180-646f-4eda-9380-036d8ba4c526,87,male,-0.3,0,-1.3,
142251.jpg1,92,156,181,156,20681ec1-c8f8-445d-8159-be00810757e4,81,male,-0.3,0,0.8,
142501.jpg1,107,138,211,138,a771f94d-c7b0-4384-ab53-ff46e788dce8,87,male,4.7,0,-6.5,
142751.jpg1,96,142,207,142,e13ce792-780f-4552-95d5-bafa774d02ef,82,male,-1,0,-5.1,
143001.jpg1,113,138,220,138,84085ac8-ce77-4f32-969e-9d2ed49fe6d2,82,male,-3.2,0,-5.5,
143251.jpg1,108,142,190,142,0257c662-e41d-4077-8ef5-521b23e687e2,84,male,-3.3,0,-8.6,
143501.jpg1,68,141,170,141,94df4566-1057-41b8-8ee0-6f4495a8cbca,79,male,-1,0,-3.8,
143751.jpg1,88,141,206,141,80664297-4398-4f3d-867e-0b578c99a7d5,81,male,8.2,0,-9,
144001.jpg1,55,66,108,66,aa1a21c7-79be-42ee-9e8a-e72bfad5a391,51,male,30.4,0,-4.1,
144001.jpg2,105,47,472,47,a75301a5-73bc-470d-acd5-54799102faee,44,female,3.7,0,-2.7,
144251.jpg1,91,136,241,136,b2cf26d0-ca45-4318-9ee3-164f8e712e50,72,male,29.2,0,-7.6,
145251.jpg1,95,123,98,123,2996681b-b1de-4966-81d3-cf5e09a77075,80,male,19.8,0,-11.2,
145251.jpg2,129,111,401,111,038a8c0b-8858-459f-bfe1-756b33aa8125,37,female,-21.3,0,12.6,
145501.jpg1,101,130,86,130,ca59783a-069a-4876-9c01-3e5a3b01c77a,81,male,-4,0,-4.5,
145501.jpg2,93,93,392,93,6cb19105-0691-45ac-a8bb-b655f7c5df57,46,female,-50.5,0,5.2,
145751.jpg1,56,128,113,128,22432c16-1f69-4fc3-9c33-7d62133f3490,74,male,-0.4,0,1.2,
145751.jpg2,122,110,430,110,107d1c4f-d8cb-458a-baed-ec309111dfb1,52,female,-15.3,0,13,
146001.jpg1,66,127,137,127,47433353-4db3-4c8a-a959-54a453f92832,82,male,18.5,0,-4.8,
146001.jpg2,111,91,378,91,ce1dbb85-0c0c-4745-8ec4-14278e1874bf,56,female,-50,0,15.7,
146251.jpg1,125,98,427,98,26fd77e9-e792-40d1-93dc-cd99e0b9d6af,51,female,0.3,0,3.5,
146501.jpg1,65,59,276,59,204ebc3e-03b0-4f3c-929b-168d942a005f,42,female,9.4,0,1,
147251.jpg1,243,30,315,30,e3399f93-341b-4fe5-98a1-ea459fd56912,40,female,9.1,0,-7.5,
147251.jpg2,89,27,356,27,d317986a-1fe9-4c48-9ff4-9b3eb8d22e2a,56,male,23.2,0,-7.1,
148751.jpg1,103,133,220,133,1ea1dae4-68f3-467d-908c-46be89ad3bdf,81,male,18.1,0,-4.4,
149001.jpg1,79,133,230,133,97ae99b6-f944-4133-b1ae-b87e623a8a06,81,male,20.1,0,-2.4,
149251.jpg1,44,56,112,56,c7d74e28-5662-4801-899a-a33f028cf561,76,male,46.7,0,0.2,
149251.jpg2,128,48,393,48,5ecece1f-c7fb-482d-bb0f-2a52c38ba060,38,female,-32.3,0,-5.9,
149501.jpg1,75,135,187,135,c0f07942-5ae5-43b8-a787-5de21642f9df,78,male,7.5,0,-4.1,
149751.jpg1,96,129,253,129,77e43c53-ff28-4f35-a204-36ffaf4ba562,61,male,26.3,0,-7.4,
150251.jpg1,94,76,140,76,1a42aabc-107d-4448-a998-e5e507d04b9d,40,male,14.4,0,-1.3,
150251.jpg2,90,70,455,70,d842754a-0d20-4eec-beac-7b03d3f2adc5,29,female,1.7,0,-3.2,
150501.jpg1,111,119,238,119,e1e36d78-73a5-4bc0-a232-edd86fe09364,54,male,37.7,0,-3.8,
150751.jpg1,100,116,277,116,3f1cabef-1bd2-4f54-9ed7-bd028bf697a7,36,female,10,0,-3.2,
151001.jpg1,175,106,293,106,f9282972-2444-4fe5-9182-41002945d7b6,37,male,17.4,0,13.9,
151501.jpg1,86,142,192,142,2b2a64c9-a7a5-49d4-a82e-fef6a4477e9b,82,male,11.7,0,-9.2,
151751.jpg1,90,140,227,140,137d1c7e-c742-4d58-b3d0-f6499c03daea,82,male,15.5,0,-3.2,
152001.jpg1,83,146,192,146,83d2dc8c-4752-492f-84cf-8159b3f1392a,82,male,9.1,0,-5,
152251.jpg1,80,150,199,150,d601ccee-c20d-4602-b8aa-f88bd1564bfe,84,male,22.8,0,-6.1,
152501.jpg1,79,156,154,156,636d4fc2-4ca6-4a0d-983e-c19eec6ee39e,82,male,12.8,0,-7.4,
152751.jpg1,87,152,187,152,3b0060c6-2315-45b3-9ac1-860bd6b4c3d7,83,male,0.3,0,-5,
153001.jpg1,92,152,172,152,8e843ed2-02d1-40a5-a7f2-9aad95f1c2e1,82,male,8.3,0,-3.4,
153251.jpg1,113,164,193,164,94525097-3db9-49d1-bd0d-12238ab1b97a,84,male,-2.2,0,-5.2,
153501.jpg1,124,186,219,186,3d3b3382-e2f0-4f1d-ab91-782d43e33368,81,male,8.9,0,-0.5,
153751.jpg1,100,187,163,187,32fe47d2-9a52-4db0-89af-6e6d1a9933ff,90,male,-0.8,0,-4.3,
154001.jpg1,82,186,206,186,a8312355-03a2-4b27-89df-437c9a45461d,81,male,7.5,0,-0.3,
154251.jpg1,84,186,204,186,992d5e6f-66c9-4f72-8491-b40a5706910b,81,male,-0.7,0,-2.1,
154501.jpg1,92,185,181,185,b2ec3751-2e2b-4cb9-bd71-4bf399e0d18e,81,male,-4,0,-5,
154751.jpg1,71,188,192,188,2ac0d5b4-cb7c-4b6a-b845-a89cfc1dd8d8,84,male,-1.1,0,-3.6,
155001.jpg1,54,37,111,37,9d7dc70f-9076-4335-ae2c-1945fe228d6f,44,male,2.7,0,1.3,
155001.jpg2,64,29,215,29,ddb95ebb-263d-4c90-8af2-9f1f2357de9b,30,female,-11.5,0,-4.4,
155251.jpg1,107,118,291,118,6ffd9ec3-109a-438f-97fc-0b5ef0cc30b3,45,female,13.7,0,-12.7,
155501.jpg1,112,143,280,143,d76f178a-4273-46ae-84cf-716d1ec451ee,59,female,13.4,0,-11.7,
155751.jpg1,144,136,133,136,8f288182-a7c5-49bc-a6de-b2c4dba007f2,65,male,39.9,0,-10.9,
155751.jpg2,113,134,420,134,b92ddee8-979d-4820-8fb2-a17c0c2c2285,44,female,-19.9,0,-4.1,
156001.jpg1,116,161,81,161,6a23833d-56ba-4941-a1dc-19008840af87,84,male,8.3,0,-8,
156001.jpg2,113,138,386,138,185b6feb-3fe5-4f1a-a018-e49e817cc741,48,female,-7.4,0,-6.1,
156251.jpg1,93,136,352,136,4e319bc4-4b99-4a36-92ac-392adc7af8dc,48,female,-27.6,0,1.4,
156751.jpg1,101,147,228,147,81e774f3-2d81-4691-84be-1d83deb43109,44,female,-6,0,-10.9,
157001.jpg1,116,140,238,140,e427ee89-2159-47d4-93b0-c303422271b5,43,female,-13.2,0,-4.7,
157251.jpg1,126,146,300,146,b9547a8f-072b-4285-b528-1a74123731a0,42,female,4.4,0,2.1,
157501.jpg1,136,160,231,160,3ba554b6-b22d-4070-8afd-f3985ab38504,61,female,-17.1,0,-1.2,
157751.jpg1,97,167,212,167,de10addd-8889-40d0-bb30-2075f123502e,52,female,2.5,0,-14,
158001.jpg1,98,167,247,167,a4ac9917-bb61-43ac-a7b6-89365952fdec,44,female,3.5,0,6,
158251.jpg1,107,168,228,168,c3e8225b-6a9f-421d-9aba-b2008da51860,59,female,2.7,0,-13.1,
158501.jpg1,116,159,266,159,bbb2a43b-4453-4888-84fd-bfeebaadcbcd,44,female,17.5,0,-12.8,
158751.jpg1,93,165,226,165,68e9a114-cae5-4fcf-9744-acae68246d6d,54,female,-4.8,0,-2.2,
159251.jpg1,100,170,292,170,d7364489-3013-4e69-8fae-baa76641e021,44,female,19.5,0,-20.9,
159501.jpg1,109,169,283,169,257e97e8-c2e9-4ac8-b729-34722aa943fa,53,female,16.6,0,-19.8,
159751.jpg1,111,170,278,170,195d7277-7a3c-48a0-8ec0-049e40ef088f,54,female,13.6,0,-19.7,
160001.jpg1,72,161,283,161,2de526e8-4f8a-4be7-9d43-3aa092b9b2cd,48,female,22.3,0,1.3,
160251.jpg1,94,173,240,173,0ff42e72-a2cf-4b45-9c5a-6082e6e80c28,44,female,4.3,0,-8,
160501.jpg1,126,171,262,171,05cb20d6-62a4-4643-a688-6d10a907884a,52,female,-0.1,0,0.3,
160751.jpg1,122,178,261,178,714d919e-6a82-4b75-9b67-0c98142d8525,58,female,-8.5,0,1.4,
161001.jpg1,107,162,286,162,8de31894-c26e-456c-86e2-4e29d4d075e4,40,female,34.9,0,-8.8,
161251.jpg1,106,169,438,169,a37dc342-9f2e-4f5b-b242-d17354a8a3a7,44,female,1.9,0,-7.3,
161251.jpg2,117,165,82,165,19e30280-9390-4d52-ae51-4cd2e54a96d5,56,male,45.7,0,-12.5,
161501.jpg1,110,133,444,133,0c9f324a-26a2-4aad-83e4-ee049f94c9f3,40,female,14.6,0,-8,
161501.jpg2,112,127,117,127,859222cc-c7b7-4f03-891b-2a0202b8a2a1,66,male,39,0,-8.7,
161751.jpg1,92,144,93,144,f6c86729-86a6-4d77-a783-1bebb15b7e30,68,male,40.8,0,-8.1,
161751.jpg2,98,133,467,133,8bc0086b-cd31-4b2c-ac89-fa052373f5a1,45,female,24,0,-12.4,
162001.jpg1,92,137,272,137,2011f4ca-a8cf-4670-af7c-8b14a2e08a37,66,female,14.1,0,-5.9,
162251.jpg1,106,48,446,48,67b47719-f7ee-404b-a699-233b92b957e4,65,female,3.8,0,6.9,
162251.jpg2,72,43,175,43,c988dd54-78f4-44f8-bfa3-c051c51133b2,80,male,-8.7,0,-1.9,
162501.jpg1,104,124,335,124,a26d2e64-bc32-40f9-8dca-7511417f78c2,46,female,34.9,0,-1.2,
162751.jpg1,129,150,231,150,08539b6d-7acf-464b-9b65-65935b4fc5ce,41,female,-4.2,0,6.7,
163001.jpg1,104,175,267,175,8bdf5da1-1a92-4374-b6c8-20a12cb21059,46,female,-0.3,0,-0.2,
163251.jpg1,103,170,222,170,0837be49-b434-4a03-9df4-271f304d88c2,40,female,5,0,-7.9,
163501.jpg1,75,155,101,155,4a38a0e7-e3d9-4f71-9866-0cd87e4aab8a,81,male,11.2,0,-2.9,
163501.jpg2,87,129,438,129,eb1815e6-87dd-430a-b1d3-10ab79392232,40,female,3.3,0,-4.6,
163751.jpg1,84,143,108,143,27910df3-6c20-4738-8863-d5e902bc97ad,83,male,14.9,0,-7.4,
163751.jpg2,143,118,469,118,b1ad0a6f-22c4-46f7-8bd7-8e3e7981f27f,36,female,24,0,0,
164001.jpg1,84,151,187,151,6ccbd093-cbf4-488f-85a5-3776974e05e1,71,male,18.6,0,2.4,
164251.jpg1,80,152,205,152,53023457-0fb3-4734-a0b8-99866ebc3d01,71,male,21.8,0,-4.1,
164501.jpg1,75,155,171,155,b04edb4b-d8e0-4cf0-a6bd-2f665d35f3b6,82,male,16.5,0,3.5,
164501.jpg2,103,120,433,120,56ee87d6-55e3-4950-996e-cab6bb14aad0,37,female,-10.9,0,9.7,
164751.jpg1,88,152,141,152,895aa9bf-6c16-4456-aa3c-445b5e63ec03,82,male,29.9,0,-6.8,
164751.jpg2,98,128,479,128,6cbbf0e5-e961-4bfd-9a9b-48aeaa9eec12,46,female,8.6,0,-1.4,
165001.jpg1,139,99,467,99,e66d3563-3ef6-41d5-aa64-c89a312bc2e1,52,female,10,0,-1,
165251.jpg1,149,100,441,100,2e602705-1332-4d0a-8b79-67beaed27dba,46,female,7,0,-6,
165501.jpg1,180,109,308,109,010ffbe6-273a-4220-a5b3-8eaa486fb17d,41,female,8.2,0,18,
166001.jpg1,102,123,231,123,b09432fa-17be-4944-90f4-4f912d59d12d,37,female,6.8,0,-4,
166251.jpg1,92,153,194,153,b86f0aad-1ad7-459f-b0d5-8ff62801ed47,82,male,17.4,0,-5.7,
166501.jpg1,81,156,183,156,2a387fc8-2b53-4d66-acec-90eed4579711,80,male,18.9,0,-6.8,
166751.jpg1,85,153,170,153,31f11cb7-a71d-4927-b763-a63b336e05c1,82,male,21.8,0,-7.4,
167001.jpg1,67,156,228,156,90df0fd9-f73b-48dc-b7e0-7a1d79c23d14,81,male,20.7,0,-0.9,
167251.jpg1,113,157,229,157,5cd9c5a9-bf57-412a-b51a-5ef345e0571f,84,male,16,0,-2.1,
167501.jpg1,69,152,215,152,81523b9b-4ae4-4844-842c-5f022c8b7389,69,male,21.7,0,-4.8,
167751.jpg1,76,156,248,156,5e8dc3a7-1c9e-4268-97a3-118161739b62,84,male,9.1,0,-3,
168001.jpg1,95,154,169,154,840945a5-4b89-4f61-88a7-0e678aa2cf07,84,male,-4.1,0,1.5,
168251.jpg1,106,154,53,154,1add237d-898d-4761-9f52-8da422885e6a,85,male,5.8,0,-0.6,
168251.jpg2,76,125,418,125,5266f270-caa5-417d-8bb0-f4501097d42e,43,female,-10.9,0,-4.5,
168501.jpg1,97,146,65,146,dfee8df6-92ef-4955-b5a6-430f0e44d12c,77,male,35.5,0,-9.2,
168501.jpg2,85,126,433,126,1eb0311a-8640-4479-9eab-6a442389ecb0,48,female,-0.8,0,-11.3,
169001.jpg1,72,105,274,105,65fb0232-baa8-4b7a-b96b-e93abe0d5fcb,71,male,23.4,0,1.9,
169251.jpg1,70,59,236,59,7a6b9af6-7214-4c48-9594-daa3bc53ea86,71,male,-12.7,0,-11.1,
169501.jpg1,126,75,419,75,32a124fa-7096-476e-bacc-3ece2dde8a33,40,female,-0.3,0,-6.2,
169751.jpg1,101,108,248,108,723f6a9c-04d3-42fd-a8ed-cb041f1ac351,88,male,11.4,0,-7.3,
170001.jpg1,102,106,258,106,edaab00a-c55d-4d7d-b9ec-70c2b39d57dc,78,male,22.5,0,-5.6,
170251.jpg1,98,104,244,104,c2ca19e2-bd73-41ca-9851-3de22a08342f,81,male,12.8,0,-1.8,
170501.jpg1,57,110,260,110,59178614-4e63-4adb-a3c9-8dcc3a09093b,78,male,12.7,0,-2,
171751.jpg1,93,121,297,121,086e6168-94d3-4790-b5a9-efb0f9834d1b,44,female,14.2,0,-0.9,
172001.jpg1,87,118,257,118,facb3bb9-26dc-4771-b01b-4db68293559e,44,female,-18.6,0,4.5,
172251.jpg1,58,73,178,73,cd39f057-e2ee-4b73-8fca-55053cbc0eb3,66,male,-31.8,0,-9.6,
172501.jpg1,80,118,253,118,0926c0e4-cc9b-49da-b52e-5581e9b82c02,44,female,-9.7,0,3.2,
172751.jpg1,93,127,259,127,4f6d9070-d36f-4e93-9eb1-f2b6cb2865f6,50,female,-1.1,0,7.7,
173001.jpg1,108,44,478,44,09b53dfb-f56f-4e62-9bee-da3788871418,37,female,-4.1,0,-0.9,
173251.jpg1,51,45,249,45,a246b9f0-b821-47e4-8ce7-67972f6c684f,66,male,3.2,0,5.4,
173251.jpg2,50,34,125,34,bd2ce541-70e1-469d-af1c-817e0bc5737a,52,male,51.3,0,-1.1,
173501.jpg1,112,41,267,41,0749b70c-058e-4800-ba88-9bb1668ad619,46,male,43.2,0,2.8,
173751.jpg1,110,129,373,129,3f4dd731-5c93-4c71-a093-f03f4783b6ec,36,male,-41.4,0,-10.3,
174001.jpg1,72,65,442,65,a407f21d-aa7e-434a-8ec6-04f4168cd00f,39,male,-49.9,0,-1.1,
174001.jpg2,64,62,150,62,91c1e2e1-ca6b-4a37-9a8d-3ab9d5b38c8a,46,male,55.7,0,0,
174501.jpg1,242,49,460,49,d06ed7d8-b8ee-4e3e-9fd4-0be68eedac01,43,male,-19.2,0,-6.7,
175751.jpg1,91,123,296,123,96926e25-3d26-4bd5-af8b-6283d159801e,54,female,17.5,0,0.6,
176251.jpg1,161,118,263,118,4ed2cbc4-687a-4bc2-b1b4-0c0ed74aee2d,29,female,-0.8,0,-3.7,
176501.jpg1,92,126,267,126,a5d52e0b-2303-498d-9c86-d078c9bb071b,54,female,3.2,0,-15.4,
176751.jpg1,94,122,270,122,339f1737-5483-4877-9d01-5ee8f273f5bf,53,female,1.1,0,-15.7,
177001.jpg1,113,127,288,127,5967a1dd-af4a-453f-b438-d897a1ab4342,52,female,8,0,-2.5,
177251.jpg1,97,127,255,127,f2d663ef-9692-4116-8ec5-ae7c6bdbfec1,44,female,-0.6,0,-5.5,
177501.jpg1,91,122,285,122,94d7337f-ad9a-4901-b07f-b3bd1634b78a,48,female,15.8,0,-11.9,
177751.jpg1,103,121,291,121,b8fbb69e-d8f1-4ad4-8705-ad773fcc2a26,43,female,4.7,0,6,
178001.jpg1,90,118,298,118,58ab842d-45aa-49bb-b36c-c05c3844a2e4,46,female,9.8,0,2.9,
178251.jpg1,94,126,240,126,a75314b8-aaea-482b-af42-439fba491b6b,52,female,2.8,0,-2.1,
178501.jpg1,93,128,292,128,27309c3c-fb74-42a7-a6a2-10b3bbc50d13,42,female,5.8,0,-9.5,
178751.jpg1,101,126,290,126,5b34d078-0710-4c35-9d68-ec378abba45b,41,female,6.3,0,-10.1,
179001.jpg1,90,123,277,123,10fb4def-b1b6-4d88-9267-210843090ab4,43,female,0.1,0,-8.4,
179501.jpg1,90,139,76,139,58d697b5-bfea-46e9-894f-f539d16f0e0b,81,male,10.6,0,-1.4,
179501.jpg2,91,122,454,122,a14d12d5-7a95-40db-83e1-e013fcc43759,53,female,8.1,0,4.9,
179751.jpg1,85,141,189,141,ba54d95c-1530-4678-adcb-3eb3f29e7e93,82,male,10.7,0,-5.6,
180001.jpg1,89,143,160,143,d31c0fe9-7187-4872-a332-2e7069f6ca0a,82,male,5.4,0,-3,
180251.jpg1,96,145,191,145,7330a202-89d6-478e-9548-b9d5a98adb25,84,male,17.4,0,-2.2,
180501.jpg1,88,144,194,144,6013559a-7c65-427f-b988-6b4fa53ded37,82,male,21.8,0,-7.6,
180751.jpg1,97,142,140,142,046287c1-e880-42f7-90a2-396bfdf5b4a8,81,male,-1,0,-6.8,
181001.jpg1,72,141,176,141,1d01a188-feef-4ad1-b577-5761a310eb31,82,male,19.6,0,-4.4,
181251.jpg1,123,155,249,155,cbefe0de-e253-4fab-9ead-77fa1ab8aece,81,male,21.2,0,-4,
181501.jpg1,83,172,120,172,06bededf-1aeb-47f3-9d0a-917b518d3d89,80,male,-1.6,0,-7.8,
181751.jpg1,106,52,439,52,4f62f778-56a1-4739-a699-b239f94f0584,34,female,-16.4,0,9.5,
181751.jpg2,66,46,97,46,2bb22107-bdc2-401e-8323-0cc9d4282ab9,76,male,-33,0,-2,
182001.jpg1,72,46,173,46,89b85d9e-7166-4a1d-8f0d-8adb622f855b,66,male,44.2,0,-5.6,
182001.jpg2,115,32,429,32,85fd4b2f-38b5-42e1-858b-d216cc06a323,26,female,39.7,0,-21.5,
182251.jpg1,146,114,247,114,f1c0f344-e187-4f54-b824-03796e7eb9bd,33,female,-0.3,0,-5.6,
182751.jpg1,91,144,179,144,ab8bdd5e-a564-485a-98f1-2b5a6b4c4ef4,90,male,-2.6,0,-8.1,
183001.jpg1,94,134,263,134,6be1184b-b276-45cd-9e94-92a252b295e1,46,female,-0.7,0,-12.9,
183251.jpg1,98,128,322,128,5c7c634a-0279-4a80-a013-1ba09a495fc5,44,female,12,0,-5.2,
183501.jpg1,113,130,275,130,aad15a07-7e90-406a-8a03-47ccbae052b7,43,female,-6.1,0,-2.2,
183751.jpg1,119,132,283,132,bbff714f-b436-47e1-827f-21abdb24ee11,38,female,8.7,0,-16,
184001.jpg1,118,133,258,133,51e9f0d9-6fa5-4696-a667-9688c7572576,43,female,-4.9,0,-5.1,
184251.jpg1,137,138,232,138,f8e825ba-5512-4820-a666-215ecf3e9aef,40,female,0.3,0,2.1,
184501.jpg1,138,146,224,146,b17636ad-c26b-4056-a790-c1b180237175,53,female,-1.9,0,-10.2,
184751.jpg1,134,141,284,141,629d036b-32e1-4983-ad1c-a122be9bec5b,46,female,1.4,0,5.7,
185001.jpg1,110,152,271,152,dd021f71-bc4b-4f6d-94b2-7f611101f2c3,50,female,17.1,0,-6,
185251.jpg1,110,146,304,146,adaf6886-ec13-48cc-8656-c0126066388b,44,female,23.9,0,-11.1,
185501.jpg1,127,152,309,152,917bca61-e054-40db-adec-933cf419f089,50,female,17.4,0,-6.7,
185751.jpg1,58,60,149,60,4870526f-e3df-4487-8f33-74effccfbc42,84,male,43.3,0,-11.4,
185751.jpg2,115,48,470,48,1f881cbc-c663-4962-bd78-b59f475a9638,32,female,36.6,0,-10.5,
186001.jpg1,122,58,482,58,3c32414d-dc8c-4ae3-85b5-0958965c882a,50,female,-18.2,0,21.8,
186001.jpg2,92,45,166,45,81c042f4-9c5e-437e-baa4-41acfcb37b7d,83,male,-41.4,0,-1.3,
186251.jpg1,79,160,182,160,27e427ac-12d1-43e3-b6c6-676a94e9ed66,81,male,-0.2,0,-6,
186501.jpg1,70,163,179,163,06f33c33-d74b-4c8a-b491-5c265ac9e448,82,male,7.1,0,-4.5,
186751.jpg1,123,162,178,162,419b7330-88ae-4490-9253-4ff94d1a0f3d,85,male,-2.3,0,-2,
187001.jpg1,107,165,187,165,9b7262bd-ba66-48e4-a227-bd4492dae9f9,82,male,14.7,0,-11.3,
187251.jpg1,104,163,188,163,2043838f-046b-42d3-ad75-8d9395833674,81,male,-0.8,0,-4.3,
187501.jpg1,139,78,453,78,d94e1092-a819-498a-b286-45645780a7d3,38,female,41.8,0,-1.4,
187751.jpg1,84,157,241,157,ccd04fe9-85ca-4a81-872f-1b3e148f0999,74,male,12.8,0,-7.1,
188001.jpg1,85,157,188,157,c0be8131-5f69-447e-9734-21893053a527,82,male,19.6,0,-7.6,
188251.jpg1,121,96,406,96,5056f908-80ce-4b35-8c28-0fa0ce07ea3e,54,female,17.3,0,-6.1,
188501.jpg1,119,160,171,160,a82a3bb5-e4db-4118-862a-8fcc52490656,84,male,18.1,0,-6.5,
188751.jpg1,102,162,266,162,2d17e4bc-44ca-4ef0-a7d2-561f78cde032,82,male,8.7,0,4.1,
189001.jpg1,97,127,282,127,2fd4a7da-b3b0-4404-9f20-04c2e265f771,44,female,16.5,0,-22.3,
189251.jpg1,96,127,295,127,edfb6c57-7d00-4b54-85a8-d64478c56834,45,female,17.9,0,-22.7,
189501.jpg1,99,127,265,127,cefe743d-447c-4bf4-951f-f6b596880658,40,female,1.4,0,3.3,
189751.jpg1,100,125,309,125,83f44288-d7e4-4564-8ff0-76287d806ffe,52,female,15.3,0,-5.2,
190001.jpg1,86,132,284,132,148474e2-2ab0-42f6-9ef3-ebee02c2a029,50,female,-0.5,0,6.8,
190251.jpg1,87,130,266,130,1f3cdd43-6c2e-465a-8fe1-93ff49145650,37,female,18.6,0,-7.4,
190501.jpg1,104,133,251,133,395241cf-37e9-42ce-b098-f4cfd83890ce,50,female,22.9,0,-8.2,
190751.jpg1,84,126,303,126,add5f564-e336-461c-95bc-1aac57726850,38,female,25.6,0,-5.1,
191001.jpg1,89,131,281,131,08ef2a14-b2f3-43b4-afd2-a6ca599cdcbf,44,female,20.2,0,-5.9,
191251.jpg1,73,126,290,126,aa249dc0-bace-4b9a-89dd-be7790460388,44,female,25.7,0,-12.6,
191501.jpg1,72,128,289,128,24c330a6-9d4d-418c-be76-c6e1b1c363fa,44,female,28.1,0,-11.5,
191751.jpg1,73,130,261,130,890fbc86-d78a-42b5-857b-a7c2366c081a,44,female,-4.1,0,-1.2,
192001.jpg1,93,133,224,133,76805112-9310-423c-9c60-7fc868e52151,64,female,-17.1,0,-1.9,
192251.jpg1,99,123,238,123,03ad6180-43c3-4b90-8e9b-5cd4d944fb2d,40,female,-6.3,0,-12.3,
192501.jpg1,97,128,273,128,84f07647-534e-4072-a455-4ec73b2acf36,46,female,23.7,0,1.1,
192751.jpg1,79,154,145,154,2b399a2c-3230-4898-9b82-2625d0d10a2c,82,male,25.1,0,-15.6,
193251.jpg1,97,154,175,154,5d3cf31e-7585-42ec-8a9e-1f7a1ff47f43,72,male,21.8,0,-11,
193501.jpg1,102,150,44,150,b35548e8-265b-4eb3-af77-d40cd86bd9cd,70,male,20.8,0,-12.3,
193501.jpg2,99,113,373,113,a469a31e-adcb-4f86-8c5e-40ca59be0826,63,male,-47.3,0,16.3,
193751.jpg1,77,157,95,157,31aa75b8-f1d3-478d-98d2-15084b9f8af9,84,male,18.4,0,-4.3,
193751.jpg2,102,105,373,105,1d634389-0d36-4bc4-a0ad-b8e61ebc88ea,34,female,-51.1,0,18.2,
194001.jpg1,86,152,174,152,18c2c33d-6654-4926-8b1e-bc8f860d7fce,71,male,23.6,0,-9.9,
194251.jpg1,73,153,168,153,ab92e83d-b0df-456b-83d9-0a4f625e3399,71,male,21.8,0,-8.9,
194501.jpg1,65,68,151,68,36701be7-1308-4031-b15e-e8fe2b26b028,75,male,39.7,0,-1.7,
194501.jpg2,155,55,480,55,bcf095a3-1c55-4ea1-8807-a008787ee331,48,female,-28.2,0,6.8,
194751.jpg1,100,153,162,153,eed01aa5-b6cc-4c13-ac98-716ef8543337,81,male,-1.3,0,-1.8,
195001.jpg1,72,153,181,153,db67191c-9c59-4db7-aee1-a13c45f1fcf5,82,male,12.7,0,-6.7,
195251.jpg1,98,155,165,155,5069f961-c678-4e70-b3d1-4891ba34a25b,76,male,19.6,0,-9.7,
195501.jpg1,91,151,209,151,7d3e8440-70bb-4990-bd23-ab1582c42fc9,79,male,21.5,0,-9.9,
195751.jpg1,100,153,236,153,38705420-1600-44c3-8af8-b33d4be82003,80,male,12.4,0,-4.4,
196001.jpg1,123,142,259,142,be0dd11b-2bf5-4600-b3fe-7f0216e19ffc,66,male,34,0,-6.1,
196251.jpg1,103,150,255,150,e7f14919-27c6-4335-b634-855f198637a2,82,male,19.6,0,1.6,
196751.jpg1,94,133,303,133,f1e7daa6-c885-402b-8ac9-5a4c6c88d0b1,48,female,25.4,0,0.4,
197001.jpg1,103,141,250,141,f312ed37-51ed-4698-a937-fb01aa9950c1,54,female,1,0,-4.5,
197251.jpg1,122,130,232,130,3e53124b-948a-4b8c-b6de-041ef879c608,44,female,-28.9,0,11.9,
197501.jpg1,92,139,243,139,4c330fee-ce86-4ccd-ab39-dcc27e374e80,58,female,-1.8,0,-1.3,
197751.jpg1,115,141,289,141,a4b948b6-29a3-450e-9fb7-ddab30e10eac,46,female,16.6,0,-10.1,
198001.jpg1,115,132,396,132,8fbb2395-9b48-4764-9098-90c3a9153296,40,female,0.7,0,-5.6,
198001.jpg2,108,104,205,104,fc3d4b82-be5f-4d49-84ed-458daa79280e,71,male,52.4,0,-5.9,
198251.jpg1,109,117,156,117,a3b62128-b95f-484b-8768-9c13ef717410,84,male,15.3,0,-3.7,
198251.jpg2,82,109,435,109,001ebeed-59cd-4a8e-a2d9-e83d890d086b,36,female,5.5,0,-5.9,
198501.jpg1,96,107,314,107,179a2ac8-ca46-4a88-88aa-d679648dd189,30,female,19.1,0,-6,
198751.jpg1,130,173,379,173,c207e746-8a9c-43b2-8bd5-0804fa5b9c56,76,male,20,0,1.4,
199001.jpg1,129,175,377,175,2739cdeb-fb24-4186-a3ca-a1f318369972,77,male,20.7,0,0.4,
199251.jpg1,129,175,373,175,52156212-fcb4-4f54-9efb-54a293f1c0a9,76,male,19.3,0,-1.7,
199501.jpg1,106,103,195,103,7429a891-0303-4ce9-be2e-a2abcc3953a5,70,male,38.7,0,-7.4,
199501.jpg2,135,86,396,86,aa9bb4f7-893d-4946-97b5-7fe1bb23968b,24,female,-18.5,0,-2.4,
199751.jpg1,103,112,218,112,3bce8043-c375-4b9f-8dca-0d86e96bc32e,81,male,-1.6,0,0,
200001.jpg1,85,111,235,111,bec3df55-4d97-41e0-b497-3003f8a04119,82,male,8.2,0,0.1,
200251.jpg1,98,112,243,112,30bffd5d-357c-49e2-b39f-1450ec37d820,82,male,16.1,0,0.6,
200501.jpg1,97,108,191,108,3b631f11-33d8-412d-82fc-3c8ea8e324f3,84,male,17.5,0,-9.1,
200751.jpg1,76,112,255,112,95eaaa7b-330f-4c1b-9316-61c6bce6e0fb,81,male,16.1,0,-1.9,
201001.jpg1,102,110,214,110,151a9d3b-3062-4d0c-9c32-5c4365b4d275,81,male,-3.3,0,-4.8,
201251.jpg1,98,130,254,130,41ec72da-1b46-4a01-9307-fc7e0beb68ef,82,male,21.6,0,-6.2,
201501.jpg1,89,131,221,131,fe95e612-1d16-4efe-9a95-85fa90e976e7,82,male,17.5,0,-4.4,
201751.jpg1,38,49,456,49,0817b150-d206-4432-8230-4186f726168b,31,female,-6.3,0,-12.3,
203751.jpg1,125,119,298,119,c7384096-4e67-4367-8453-d849666f64b1,38,female,22.4,0,-16.5,
204001.jpg1,92,146,207,146,a60c81dd-df7a-4132-a6db-98c5ef6d14fc,39,male,-20.5,0,-5.6,
204501.jpg1,90,125,298,125,783ffc4a-b876-493d-9c71-c6f3444916d0,52,female,22.6,0,-2.9,
204751.jpg1,99,129,262,129,c6f2798e-8c8b-4574-b0d6-e3212d788d83,48,female,4.4,0,-4.2,
205001.jpg1,90,132,275,132,89ed4e55-4c87-4f42-82d2-5ba582e1f605,39,female,17.9,0,-5.1,
205251.jpg1,98,132,267,132,4b490b39-ed32-4299-8d6a-b8e1a65430a5,42,female,-0.3,0,-10.3,
205501.jpg1,72,130,268,130,2716261c-c998-4a43-9400-e0e57c548300,37,female,18.8,0,-13,
205751.jpg1,93,129,284,129,27e7e64c-b700-449f-8612-3494fe4ec133,39,female,26.2,0,-17.5,
206001.jpg1,103,132,289,132,a2afc667-6459-4e9a-a408-129c42100d14,47,female,16.5,0,-18.2,
206251.jpg1,101,126,339,126,d52b8682-6752-423e-8839-fed452b2f743,44,female,25,0,-17.2,
206501.jpg1,72,150,86,150,f57d45a4-425e-4be3-a206-0403675f8e11,79,male,7.7,0,-3.5,
206501.jpg2,119,125,428,125,b0592910-deb5-4172-948a-735de77238b8,36,female,6.5,0,-11,
206751.jpg1,113,141,78,141,471b3cf7-66a4-4d9c-a0e2-ae69bd84ff46,83,male,2,0,-5,
206751.jpg2,95,128,467,128,636fefb8-18d7-4aef-8661-71c25a15f614,48,female,9.9,0,-8.1,
207001.jpg1,106,133,292,133,0ead1dc9-1fe3-457c-a1f5-9d0247ca00c2,40,female,11,0,-7.9,
207251.jpg1,92,135,312,135,0b7c86a7-6960-4c0d-83b4-085c85553111,40,female,18.6,0,-10,
207751.jpg1,76,156,238,156,822ac492-fadf-4040-9a8d-0e642185151d,82,male,13,0,-12.4,
208001.jpg1,110,152,137,152,f72abb63-59c7-419e-8cea-334a6aee3b99,86,male,7.3,0,-7.2,
208251.jpg1,65,149,279,149,66c2711e-2ef0-4043-8204-a1f06c96cb9a,66,male,33.5,0,-4.1,
208501.jpg1,103,147,264,147,2c91dd96-a8cb-4aff-8aba-98341472df7b,78,male,18.9,0,-12.8,
208751.jpg1,160,79,421,79,c67c3efa-5c7b-435a-ba57-60d19096894c,30,female,39.2,0,-0.6,
209001.jpg1,85,156,206,156,7bed1db0-9d63-415c-a69a-dd4f0d4372be,84,male,-2.3,0,-2.4,
209251.jpg1,93,154,262,154,d8b7089f-2057-4538-a2b4-830fb201373b,82,male,8.3,0,-8.5,
209501.jpg1,67,151,280,151,70b4f9e3-840f-4168-8eec-8ada6f524bcf,82,male,18.9,0,-0.8,
209751.jpg1,110,150,215,150,ff1c30c1-6840-4fdd-9a49-6f667ee9c556,74,male,24.5,0,-7.2,
210001.jpg1,91,193,149,193,860c9049-c911-4f59-9e20-311cce5a1cf6,72,male,16.5,0,-9.5,
210251.jpg1,59,191,218,191,c539767b-a42e-46a2-9cc3-d1043d800144,78,male,20.2,0,-7,
210501.jpg1,131,185,207,185,0bcb6844-8746-4cfc-b805-853bb9dc037e,72,male,20.7,0,-8.3,
210751.jpg1,60,189,206,189,c8bbc636-ff77-4dda-aad0-8c2da923f31b,82,male,-3.2,0,2.2,
211001.jpg1,99,177,206,177,47627e21-d259-45be-9ac5-c1799a51bb6d,71,male,31.1,0,-7.9,
211501.jpg1,85,127,292,127,1d54b6d9-43e6-4dab-b558-916bf4cb2d5d,48,female,20.5,0,2.1,
211751.jpg1,88,129,294,129,856f32e8-7420-44ff-8c39-18a6d9ffb399,54,female,21.4,0,2.7,
212001.jpg1,103,151,226,151,4e5376a1-7067-47d2-87eb-d3bf1a09f117,46,female,-1.4,0,-8,
212251.jpg1,108,157,226,157,88082162-93e3-4ef2-aca0-44a041baaae9,46,female,-3.6,0,-9.7,
212501.jpg1,139,160,210,160,ae1235e4-8715-4e1b-871e-c7830d40fb8e,46,female,5.1,0,-5.7,
212751.jpg1,121,149,270,149,238a05c1-078f-4822-aa27-353c2c4022cd,44,female,6.9,0,-5.7,
213001.jpg1,119,159,320,159,a2023b9a-a5f2-4eb9-a333-dc547fc027fe,43,female,18.4,0,0.1,
213251.jpg1,100,157,304,157,cd5bb095-fce8-4e5c-84e1-611d2654f234,46,female,12.8,0,-7.4,
213501.jpg1,104,156,285,156,52b1b6a2-d4a5-41bb-9652-c4c2b51a750b,45,female,9,0,-5.9,
213751.jpg1,103,153,243,153,261e523e-a8fe-4466-abf7-8bc46983771e,42,female,-6.8,0,-3,
214001.jpg1,100,158,270,158,1a48357d-93da-429c-ba6c-8e30aed93d8e,46,female,-4.9,0,-0.6,
214251.jpg1,95,146,268,146,6e19a205-3db9-4865-84af-a42f0af94799,44,female,12,0,-7.5,
214501.jpg1,128,154,250,154,512acbfc-dd1a-4da7-905e-bce8662329e5,26,female,-8.9,0,-0.5,
214751.jpg1,86,162,246,162,e26cefec-ecef-4f80-82d2-1f670fe0c021,54,female,-5.3,0,-6.9,
215001.jpg1,103,153,259,153,db536b2d-5b57-4361-abed-4de668d6ab51,44,female,-0.2,0,3.3,
215251.jpg1,79,147,250,147,259f2de7-35e1-472d-adc3-13f852762154,46,female,19,0,-13.2,
215751.jpg1,139,162,297,162,1a7e8df7-e1f4-49bc-9742-c4786a2f5b8e,40,female,0.8,0,7.2,
216001.jpg1,86,136,438,136,29713fcb-098a-4822-873d-5ecf17fbad10,40,female,8.9,0,-9.3,
216251.jpg1,123,146,99,146,7edbe990-6253-4c93-8c22-da5aa2bf21c9,83,male,11,0,3.3,
216251.jpg2,92,117,475,117,a51706e3-6259-42ed-9089-e4ec74fb6307,44,female,24.7,0,-5.4,
216501.jpg1,101,155,112,155,483146db-edb6-4f20-b22e-211269483303,82,male,8.6,0,-13.1,
216501.jpg2,89,121,390,121,0a1b661b-c273-43ac-aad6-ad38cbc85e96,53,female,16.2,0,-8.1,
216751.jpg1,74,158,94,158,97361eb9-fb53-47fa-9270-96a07acdc869,74,male,21.2,0,-7,
216751.jpg2,81,105,401,105,b01e2eeb-126f-4174-aa83-caebcbd70ec6,34,female,-43.6,0,7.2,
217001.jpg1,90,100,391,100,ee17e657-4468-460e-a996-e177ad46c780,34,female,-36.5,0,3.5,
217251.jpg1,147,105,422,105,756eff72-02d7-4ca1-898f-a8c720d1f82f,44,female,7.9,0,-8.8,
217751.jpg1,84,112,282,112,9aaf4326-1cf7-4f03-a934-d00643d6f3ec,68,female,13.3,0,-7.3,
218001.jpg1,88,116,298,116,8eef5c87-f670-4615-ba5f-de8c0dd0a585,38,female,5.2,0,-4,
218251.jpg1,78,122,262,122,b39e313a-8c3d-4884-b6ce-2147e0b5bc87,50,female,-5.7,0,-0.5,
218501.jpg1,79,110,292,110,837a64f0-1125-4905-a9a6-8b2385b1e0c4,60,female,3.6,0,2.8,
218751.jpg1,78,117,257,117,83cf827c-09e9-46ec-8ae8-e615e38aefc7,44,female,-3.5,0,0.2,
219001.jpg1,89,116,260,116,f2c96261-becc-4728-8c45-0dcd9d1c4a82,39,female,-16.4,0,1.9,
219251.jpg1,73,122,248,122,46383ef8-e6df-4087-830f-da7fd006d584,46,female,-16.3,0,8.4,
219501.jpg1,77,124,239,124,58580d75-adba-4885-b04f-864c203fa6fa,52,female,-4.1,0,-8.3,
219751.jpg1,82,178,177,178,3d857ae3-802f-4513-b1cd-fc1cb5c3c2b2,74,male,-1.9,0,-1.3,
220001.jpg1,124,180,171,180,22fc4112-cca6-49c8-a8c5-285f80b9e3b1,82,male,-4,0,-11,
220251.jpg1,99,34,261,34,732be384-8d9c-48cb-a0b3-9954b0087429,40,male,2.7,0,-0.9,
220251.jpg2,108,25,360,25,39d4de08-64c1-4360-bad2-8b944c739b66,46,female,7.3,0,-0.4,
220501.jpg1,89,54,230,54,a30ef1e0-28b5-4c92-8974-49af6f9f5b13,37,male,-4.9,0,-9.4,
220501.jpg2,84,45,386,45,2773d98c-090a-409a-ab59-d02d247bf833,45,female,-8.4,0,-6,
220751.jpg1,87,60,192,60,0a4f7d80-8299-4887-9829-ba29707fc2c7,39,male,-3.6,0,-8.6,
220751.jpg2,94,51,380,51,e9944b46-f917-49c5-9015-ac72d3ab4cf8,40,female,-9.5,0,-5.5,
221001.jpg1,67,52,141,52,c6c1e8c3-0bf0-4fea-98f2-e531698cf211,76,male,12.7,0,-6.1,
221001.jpg2,102,48,429,48,e225c526-17b9-4925-97ec-d21c44edcedc,30,female,20.6,0,-3.3,
221251.jpg1,79,49,269,49,e24b2a06-9853-4c52-919e-43da74201a5f,36,female,41.5,0,-1.9,